task_id,alg,start,goal,success,cost,steps,time_sec,curvature,heading_change,bending_energy,path
1,SIPP_2^2,"26,19,0","29,19,0",1,30.0,3,0.00237,0.0,0.0,0.0,1 1 1
1,SIPP_2^3,"26,19,0","29,19,0",1,30.0,3,0.00432,0.0,0.0,0.0,2 2 2
1,SIPP_2^4,"26,19,0","29,19,0",1,30.0,3,0.01092,0.0,0.0,0.0,4 4 4
1,SIPP_2^5,"26,19,0","29,19,0",1,30.0,3,0.02512,0.0,0.0,0.0,8 8 8
1,SIPP_BigCS,"26,19,3","29,19,6",1,30.0,3,0.24324,0.0,0.0,0.0,5 5 5
1,SIPP_Standard,"26,19,3","29,19,6",1,749.350219,3196,11.2686,32.13915,6.2102,0.9164,88 -32.767 20 -14.251 47 -26.660 23 42 68 53 -10.671 105
2,SIPP_2^2,"30,44,0","28,43,0",0,-1,0,0.0,0.0,0.0,0.0,
2,SIPP_2^3,"30,44,0","28,43,0",0,-1,0,0.0,0.0,0.0,0.0,
2,SIPP_2^4,"30,44,0","28,43,0",0,-1,0,0.0,0.0,0.0,0.0,
2,SIPP_2^5,"30,44,0","28,43,0",0,-1,0,0.0,0.0,0.0,0.0,
2,SIPP_BigCS,"30,44,0","28,43,0",0,-1,0,0.0,0.0,0.0,0.0,
2,SIPP_Standard,"30,44,4","28,43,13",0,-1,0,0.00013,0.0,0.0,0.0,
3,SIPP_2^2,"23,31,0","23,33,0",1,60.0,10,0.01012,14.14214,3.14159,6.28319,3 3 2 2 1 1
3,SIPP_2^3,"23,31,0","23,33,0",1,44.898533,5,0.00542,11.3109,2.35619,4.71239,5 4 -10.756 2
3,SIPP_2^4,"23,31,0","23,33,0",1,44.898533,6,0.01686,11.3109,2.35619,4.71239,10 8 -10.756 4
3,SIPP_2^5,"23,31,0","23,33,0",1,44.898533,6,0.04058,11.3109,2.35619,4.71239,20 16 -10.756 8
3,SIPP_BigCS,"23,31,3","23,33,13",1,282.24353099999996,1129,12.63329,32.93904,6.5932,2.4183,331 4 4 4 68 351 -0.047 101 -0.197 161 70 349
3,SIPP_Standard,"23,31,3","23,33,13",1,980.311418,98,0.34877,43.94582,8.4722,1.2863,10 -143.725 38 27 -68.586 106 45 25 96 94 8
4,SIPP_2^2,"22,30,0","21,31,0",1,20.0,2,0.00134,7.07107,1.5708,3.14159,3 2
4,SIPP_2^3,"22,30,0","21,31,0",1,14.142136,1,0.00117,0.0,0.0,0.0,5
4,SIPP_2^4,"22,30,0","21,31,0",1,14.142136,1,0.00353,0.0,0.0,0.0,10
4,SIPP_2^5,"22,30,0","21,31,0",1,14.142136,1,0.00781,0.0,0.0,0.0,20
4,SIPP_BigCS,"22,30,1","21,31,11",1,14.0,1,0.15312,0.0,0.0,0.0,103
4,SIPP_Standard,"22,30,1","21,31,11",1,677.0,476,1.91498,42.94895,8.2662,1.4652,41 111 37 14 101 67 35 96
5,SIPP_2^2,"14,40,0","16,43,0",1,50.0,7,0.00651,21.2132,4.71239,9.42478,2 2 1 2 1
5,SIPP_2^3,"14,40,0","16,43,0",1,38.284272,4,0.0079,7.76595,1.5708,3.14159,3 4 3
5,SIPP_2^4,"14,40,0","16,43,0",1,36.502815999999996,3,0.01833,1.61101,0.32175,0.6435,7 6
5,SIPP_2^5,"14,40,0","16,43,0",1,36.055513,1,0.01665,0.0,0.0,0.0,13
5,SIPP_BigCS,"14,40,13","16,43,0",1,39.0,5,0.32775,5.47325,1.1037,0.3821,68
5,SIPP_Standard,"14,40,13","16,43,0",1,638.279052,527,2.32806,34.98775,6.747,1.0898,111 49 108 34 -60.279 75 110 44
6,SIPP_2^2,"1,11,0","1,13,0",0,-1,0,0.0,0.0,0.0,0.0,
6,SIPP_2^3,"1,11,0","1,13,0",0,-1,0,0.0,0.0,0.0,0.0,
6,SIPP_2^4,"1,11,0","1,13,0",0,-1,0,0.0,0.0,0.0,0.0,
6,SIPP_2^5,"1,11,0","1,13,0",0,-1,0,0.0,0.0,0.0,0.0,
6,SIPP_BigCS,"1,11,0","1,13,0",0,-1,0,0.0,0.0,0.0,0.0,
6,SIPP_Standard,"1,11,9","1,13,8",0,-1,0,9e-05,0.0,0.0,0.0,
7,SIPP_2^2,"40,9,0","41,7,0",0,-1,0,0.0,0.0,0.0,0.0,
7,SIPP_2^3,"40,9,0","41,7,0",0,-1,0,0.0,0.0,0.0,0.0,
7,SIPP_2^4,"40,9,0","41,7,0",0,-1,0,0.0,0.0,0.0,0.0,
7,SIPP_2^5,"40,9,0","41,7,0",0,-1,0,0.0,0.0,0.0,0.0,
7,SIPP_BigCS,"40,9,0","41,7,0",0,-1,0,0.0,0.0,0.0,0.0,
7,SIPP_Standard,"40,9,9","41,7,4",0,-1,0,5e-05,0.0,0.0,0.0,
8,SIPP_2^2,"6,12,0","4,15,0",1,50.0,7,0.00558,28.28427,6.28319,12.56637,2 3 2 3 2
8,SIPP_2^3,"6,12,0","4,15,0",1,38.284272,4,0.00636,7.76595,1.5708,3.14159,5 4 5
8,SIPP_2^4,"6,12,0","4,15,0",1,36.502815999999996,3,0.01238,1.61101,0.32175,0.6435,9 10
8,SIPP_2^5,"6,12,0","4,15,0",1,36.055513,1,0.0111,0.0,0.0,0.0,19
8,SIPP_BigCS,"6,12,0","4,15,2",1,39.0,5,0.23848,5.47325,1.1037,0.3821,76
8,SIPP_Standard,"6,12,0","4,15,2",1,687.172731,900,3.94505,34.97307,6.7642,1.1141,8 -13.475 32 -3.418 73 -82.279 100 82 15 78
9,SIPP_2^2,"30,47,0","28,44,0",0,-1,0,0.0,0.0,0.0,0.0,
9,SIPP_2^3,"30,47,0","28,44,0",0,-1,0,0.0,0.0,0.0,0.0,
9,SIPP_2^4,"30,47,0","28,44,0",0,-1,0,0.0,0.0,0.0,0.0,
9,SIPP_2^5,"30,47,0","28,44,0",0,-1,0,0.0,0.0,0.0,0.0,
9,SIPP_BigCS,"30,47,0","28,44,0",0,-1,0,0.0,0.0,0.0,0.0,
9,SIPP_Standard,"30,47,3","28,44,1",0,-1,0,0.00012,0.0,0.0,0.0,
10,SIPP_2^2,"46,45,0","43,44,0",1,40.0,4,0.00136,7.07107,1.5708,3.14159,3 3 3 0
10,SIPP_2^3,"46,45,0","43,44,0",1,34.142136,3,0.00169,3.82683,0.7854,1.5708,6 6 7
10,SIPP_2^4,"46,45,0","43,44,0",1,32.36068,2,0.00235,2.29753,0.46365,0.9273,12 13
10,SIPP_2^5,"46,45,0","43,44,0",1,31.622777,1,0.00301,0.0,0.0,0.0,25
10,SIPP_BigCS,"46,45,7","43,44,8",1,33.0,3,0.11202,3.85319,0.7822,0.2486,75
10,SIPP_Standard,"46,45,7","43,44,8",1,858.799276,1599,6.38541,37.48525,7.1203,1.1288,-7.973 46 -37.794 14 -2.898 61 109 -7.646 35 -119.242 80 -7.246 21 36
11,SIPP_2^2,"18,20,0","16,25,0",1,70.0,12,0.00972,28.28427,6.28319,12.56637,2 2 2 3 2 3 2
11,SIPP_2^3,"18,20,0","16,25,0",1,58.284272,8,0.0132,11.59279,2.35619,4.71239,4 5 4 4 5
11,SIPP_2^4,"18,20,0","16,25,0",1,54.72136,5,0.02303,2.34065,0.46365,0.9273,9 9 8
11,SIPP_2^5,"18,20,0","16,25,0",1,53.983457,3,0.03111,0.70968,0.1419,0.28379,18 17
11,SIPP_BigCS,"18,20,11","16,25,15",1,56.0,7,0.31492,3.88806,0.7837,0.1324,92
11,SIPP_Standard,"18,20,11","16,25,15",1,594.683931,1024,3.76065,33.40796,6.4276,0.9981,105 44 16 86 -11.684 23 42 76
12,SIPP_2^2,"28,25,0","30,21,0",1,66.630809,17,0.0115,14.14214,3.14159,6.28319,0 0 1 -5.713 1 -0.918 0 0
12,SIPP_2^3,"28,25,0","30,21,0",1,59.854925,10,0.0134,10.8979,2.35619,4.71239,0 0 0 -5.713 2 1
12,SIPP_2^4,"28,25,0","30,21,0",1,59.854925,12,0.04369,10.8979,2.35619,4.71239,0 0 0 -5.713 4 2
12,SIPP_2^5,"28,25,0","30,21,0",1,59.854925,12,0.11561,6.28151,1.24905,2.49809,-0.330 2 -13.022 0 4
12,SIPP_BigCS,"28,25,0","30,21,13",1,61.384191,17,0.51082,3.94316,0.7822,0.2486,-14.384 74 101
12,SIPP_Standard,"28,25,0","30,21,13",1,744.763731,4857,16.99375,41.30802,7.9415,1.3117,-18.970 41 79 104 55 99 85 -35.485 26 -20.308 81
13,SIPP_2^2,"9,11,0","3,15,0",0,-1,0,0.0,0.0,0.0,0.0,
13,SIPP_2^3,"9,11,0","3,15,0",0,-1,0,0.0,0.0,0.0,0.0,
13,SIPP_2^4,"9,11,0","3,15,0",0,-1,0,0.0,0.0,0.0,0.0,
13,SIPP_2^5,"9,11,0","3,15,0",0,-1,0,0.0,0.0,0.0,0.0,
13,SIPP_BigCS,"9,11,0","3,15,0",0,-1,0,0.0,0.0,0.0,0.0,
13,SIPP_Standard,"9,11,14","3,15,15",0,-1,62149,180.00013,0.0,0.0,0.0,
14,SIPP_2^2,"36,18,0","40,22,0",0,-1,0,0.0,0.0,0.0,0.0,
14,SIPP_2^3,"36,18,0","40,22,0",0,-1,0,0.0,0.0,0.0,0.0,
14,SIPP_2^4,"36,18,0","40,22,0",0,-1,0,0.0,0.0,0.0,0.0,
14,SIPP_2^5,"36,18,0","40,22,0",0,-1,0,0.0,0.0,0.0,0.0,
14,SIPP_BigCS,"36,18,0","40,22,0",0,-1,0,0.0,0.0,0.0,0.0,
14,SIPP_Standard,"36,18,2","40,22,10",0,-1,0,9e-05,0.0,0.0,0.0,
15,SIPP_2^2,"42,28,0","41,24,0",0,-1,0,0.0,0.0,0.0,0.0,
15,SIPP_2^3,"42,28,0","41,24,0",0,-1,0,0.0,0.0,0.0,0.0,
15,SIPP_2^4,"42,28,0","41,24,0",0,-1,0,0.0,0.0,0.0,0.0,
15,SIPP_2^5,"42,28,0","41,24,0",0,-1,0,0.0,0.0,0.0,0.0,
15,SIPP_BigCS,"42,28,0","41,24,0",0,-1,0,0.0,0.0,0.0,0.0,
15,SIPP_Standard,"42,28,12","41,24,13",0,-1,0,4e-05,0.0,0.0,0.0,
16,SIPP_2^2,"14,41,0","16,45,0",1,60.0,9,0.00795,21.2132,4.71239,9.42478,2 2 2 1 2 1
16,SIPP_2^3,"14,41,0","16,45,0",1,48.284272,6,0.01014,7.76595,1.5708,3.14159,3 4 4 3
16,SIPP_2^4,"14,41,0","16,45,0",1,44.72136,2,0.01203,0.0,0.0,0.0,7 7
16,SIPP_2^5,"14,41,0","16,45,0",1,44.72136,2,0.03142,0.0,0.0,0.0,14 14
16,SIPP_BigCS,"14,41,5","16,45,6",1,44.0,2,0.29677,0.27536,0.0,0.0,200 200
16,SIPP_Standard,"14,41,5","16,45,6",1,785.207316,2241,8.74221,37.90776,7.2803,1.0545,5 81 -12.616 14 69 34 -21.591 83 4 72 79
17,SIPP_2^2,"39,25,0","43,27,0",1,107.614062,51,0.03931,7.07107,4.71239,9.42478,1 1 1 1 1 -26.439 3 -1.175 2 2
17,SIPP_2^3,"39,25,0","43,27,0",1,48.284272,6,0.00805,7.76595,1.5708,3.14159,3 2 2 3
17,SIPP_2^4,"39,25,0","43,27,0",1,44.72136,2,0.00701,0.0,0.0,0.0,5 5
17,SIPP_2^5,"39,25,0","43,27,0",1,44.72136,2,0.01886,0.0,0.0,0.0,10 10
17,SIPP_BigCS,"39,25,7","43,27,4",1,44.0,2,0.18239,0.27536,0.0,0.0,207 207
17,SIPP_Standard,"39,25,7","43,27,4",1,963.540623,2136,7.38239,35.3273,6.842,1.1112,44 -49.398 24 -163.239 99 -2.383 85 -133.871 22 41 -20.650 95
18,SIPP_2^2,"12,31,0","9,26,0",0,-1,0,0.0,0.0,0.0,0.0,
18,SIPP_2^3,"12,31,0","9,26,0",0,-1,0,0.0,0.0,0.0,0.0,
18,SIPP_2^4,"12,31,0","9,26,0",0,-1,0,0.0,0.0,0.0,0.0,
18,SIPP_2^5,"12,31,0","9,26,0",0,-1,0,0.0,0.0,0.0,0.0,
18,SIPP_BigCS,"12,31,0","9,26,0",0,-1,0,0.0,0.0,0.0,0.0,
18,SIPP_Standard,"12,31,10","9,26,2",0,-1,0,0.0001,0.0,0.0,0.0,
19,SIPP_2^2,"24,8,0","25,12,0",1,188.08857700000002,209,0.13992,21.2132,7.85398,15.70796,1 1 1 0 3 3 -12.615 3 -41.348 1 2 -0.002 2 -4.124 2 2 2
19,SIPP_2^3,"24,8,0","25,12,0",1,188.08857700000002,302,0.37872,28.18405,6.28319,12.56637,2 2 1 6 7 -65.678 4 4 -0.002 4 -4.124 4 4 4
19,SIPP_2^4,"24,8,0","25,12,0",1,64.787088,15,0.03585,9.91402,1.89255,3.78509,5 6 10 10
19,SIPP_2^5,"24,8,0","25,12,0",1,64.339785,14,0.08597,7.9125,1.76819,3.53638,11 20 20
19,SIPP_BigCS,"24,8,0","25,12,15",1,271.84234100000003,961,15.58116,29.47321,5.8003,1.8358,7 71 382 200 328 -8.842 69 340 322
19,SIPP_Standard,"24,8,0","25,12,15",1,622.3350919999999,158,0.58013,28.57788,5.4981,0.8507,95 21 40 -108.335 86 27 90
20,SIPP_2^2,"17,41,0","14,44,0",1,60.0,10,0.00947,21.2132,4.71239,9.42478,3 2 2 3 3 2
20,SIPP_2^3,"17,41,0","14,44,0",1,42.426408,3,0.00516,0.0,0.0,0.0,5 5 5
20,SIPP_2^4,"17,41,0","14,44,0",1,42.426408,3,0.01686,0.0,0.0,0.0,10 10 10
20,SIPP_2^5,"17,41,0","14,44,0",1,42.426408,3,0.04535,0.0,0.0,0.0,20 20 20
20,SIPP_BigCS,"17,41,4","14,44,6",1,42.0,3,0.22101,0.0,0.0,0.0,103 103 103
20,SIPP_Standard,"17,41,4","14,44,6",1,754.797455,1747,6.46991,36.40074,6.9773,1.0904,111 37 14 101 -70.284 75 -92.010 110 -1.504 44
21,SIPP_2^2,"2,3,0","9,10,0",1,140.0,54,0.0326,42.42641,9.42478,18.84956,1 1 1 1 2 1 2 2 2 1 2 2 2 1
21,SIPP_2^3,"2,3,0","9,10,0",1,98.99495199999998,7,0.00898,0.0,0.0,0.0,3 3 3 3 3 3 3
21,SIPP_2^4,"2,3,0","9,10,0",1,98.99495199999998,7,0.0254,0.0,0.0,0.0,6 6 6 6 6 6 6
21,SIPP_2^5,"2,3,0","9,10,0",1,98.99495199999998,7,0.07964,0.0,0.0,0.0,12 12 12 12 12 12 12
21,SIPP_BigCS,"2,3,12","9,10,9",1,98.0,7,0.47938,0.0,0.0,0.0,100 100 100 100 100 100 100
21,SIPP_Standard,"2,3,12","9,10,9",1,594.0,466,1.85831,34.39048,6.6574,1.0495,64 44 12 111 33 82 23
22,SIPP_2^2,"22,22,0","24,11,0",0,-1,1,0.00067,0.0,0.0,0.0,
22,SIPP_2^3,"22,22,0","24,11,0",0,-1,1,0.0007,0.0,0.0,0.0,
22,SIPP_2^4,"22,22,0","24,11,0",0,-1,1,0.0018,0.0,0.0,0.0,
22,SIPP_2^5,"22,22,0","24,11,0",0,-1,1,0.00591,0.0,0.0,0.0,
22,SIPP_BigCS,"22,22,15","24,11,3",1,448.90137000000004,92,1.16055,32.13314,6.3055,1.9844,180 344 -21.901 171 79 322 333 74 177 204 204 204
22,SIPP_Standard,"22,22,15","24,11,3",1,1279.879612,2291,7.72498,49.70367,9.557,1.4725,52 -32.110 96 -19.411 86 -50.163 23 42 84 1 5 -69.923 73 -113.630 108 -2.642 38 7
23,SIPP_2^2,"19,32,0","11,31,0",0,-1,0,0.0,0.0,0.0,0.0,
23,SIPP_2^3,"19,32,0","11,31,0",0,-1,0,0.0,0.0,0.0,0.0,
23,SIPP_2^4,"19,32,0","11,31,0",0,-1,0,0.0,0.0,0.0,0.0,
23,SIPP_2^5,"19,32,0","11,31,0",0,-1,0,0.0,0.0,0.0,0.0,
23,SIPP_BigCS,"19,32,0","11,31,0",0,-1,0,0.0,0.0,0.0,0.0,
23,SIPP_Standard,"19,32,14","11,31,15",0,-1,0,0.0001,0.0,0.0,0.0,
24,SIPP_2^2,"45,15,0","42,7,0",1,110.0,20,0.01362,42.42641,9.42478,18.84956,0 3 0 0 3 0 0 0 0 3 0
24,SIPP_2^3,"45,15,0","42,7,0",1,92.42640800000001,13,0.01753,19.45842,3.92699,7.85398,0 7 0 7 0 0 0 7
24,SIPP_2^4,"45,15,0","42,7,0",1,87.08203999999999,10,0.03152,7.02537,1.39094,2.78189,15 15 0 15 0
24,SIPP_2^5,"45,15,0","42,7,0",1,85.606234,4,0.028,0.70968,0.1419,0.28379,30 31 31
24,SIPP_BigCS,"45,15,8","42,7,0",1,86.0,3,0.1394,2.63201,0.5061,0.0613,202 306
24,SIPP_Standard,"45,15,8","42,7,0",1,87.0,1,0.03909,2.99427,0.5969,0.061,90
25,SIPP_2^2,"28,31,0","29,41,0",1,116.375136,28,0.01814,7.07107,1.5708,3.14159,2 2 2 2 2 2 2 2 2 2 -6.375 1
25,SIPP_2^3,"28,31,0","29,41,0",1,104.142136,10,0.01183,3.82683,0.7854,1.5708,4 4 4 4 4 4 4 4 4 3
25,SIPP_2^4,"28,31,0","29,41,0",1,102.36068,9,0.02994,2.29753,0.46365,0.9273,8 8 8 8 8 8 8 8 7
25,SIPP_2^5,"28,31,0","29,41,0",1,101.622777,8,0.06432,1.60182,0.32175,0.6435,16 16 16 16 16 16 16 15
25,SIPP_BigCS,"28,31,15","29,41,12",1,102.0,8,0.45073,2.74653,0.5456,0.0552,4 4 12
25,SIPP_Standard,"28,31,15","29,41,12",1,892.1865849999999,6100,20.23352,36.68404,7.031,1.1166,33 82 11 -189.965 51 -17.168 102 -13.428 72 -4.626 95 13
26,SIPP_2^2,"13,31,0","8,40,0",1,189.413162,111,0.07565,21.2132,4.71239,9.42478,-11.763 3 3 2 2 2 2 3 3 3 -37.650 2 2 2 2 2
26,SIPP_2^3,"13,31,0","8,40,0",1,125.014748,31,0.04538,15.88121,3.14159,6.28319,-11.763 4 -2.541 5 5 5 5 4 5 4 4
26,SIPP_2^4,"13,31,0","8,40,0",1,122.987656,26,0.10701,7.77471,1.5708,3.14159,-11.763 12 10 9 9 9 8 8
26,SIPP_2^5,"13,31,0","8,40,0",1,122.217164,24,0.25996,7.65282,1.5708,3.14159,-11.763 24 -0.415 19 18 17 16
26,SIPP_BigCS,"13,31,8","8,40,9",1,124.476039,24,0.67655,5.65544,1.1143,0.2762,-17.476 254 163 4
26,SIPP_Standard,"13,31,8","8,40,9",1,802.5427359999999,1032,4.08841,29.37329,5.6249,0.7917,-89.799 49 92 14 -11.657 109 -24.538 51 -8.972 110 44 -12.578 0
27,SIPP_2^2,"9,18,0","3,13,0",1,281.614062,257,0.20946,49.49747,10.99557,21.99115,2 2 2 1 -40.615 0 0 -2.128 0 0 3 0 0 0 0 0 0 3 3 3 -7.823 3 -1.048 3 2 2 3
27,SIPP_2^3,"9,18,0","3,13,0",1,80.71068,10,0.01552,7.95075,1.5708,3.14159,7 7 7 6 7 7
27,SIPP_2^4,"9,18,0","3,13,0",1,78.929224,9,0.03263,3.229,0.6435,1.287,14 14 14 13 14
27,SIPP_2^5,"9,18,0","3,13,0",1,78.481921,7,0.05926,1.97454,0.39479,0.78958,28 28 27 28
27,SIPP_BigCS,"9,18,15","3,13,10",1,78.0,2,0.16276,1.74352,0.3314,0.0258,102 126
27,SIPP_Standard,"9,18,15","3,13,10",1,80.0,1,0.0453,3.26273,0.6517,0.0788,77
28,SIPP_2^2,"14,2,0","6,5,0",0,-1,0,0.0,0.0,0.0,0.0,
28,SIPP_2^3,"14,2,0","6,5,0",0,-1,0,0.0,0.0,0.0,0.0,
28,SIPP_2^4,"14,2,0","6,5,0",0,-1,0,0.0,0.0,0.0,0.0,
28,SIPP_2^5,"14,2,0","6,5,0",0,-1,0,0.0,0.0,0.0,0.0,
28,SIPP_BigCS,"14,2,0","6,5,0",0,-1,0,0.0,0.0,0.0,0.0,
28,SIPP_Standard,"14,2,4","6,5,8",0,-1,0,7e-05,0.0,0.0,0.0,
29,SIPP_2^2,"12,13,0","6,18,0",0,-1,0,0.0,0.0,0.0,0.0,
29,SIPP_2^3,"12,13,0","6,18,0",0,-1,0,0.0,0.0,0.0,0.0,
29,SIPP_2^4,"12,13,0","6,18,0",0,-1,0,0.0,0.0,0.0,0.0,
29,SIPP_2^5,"12,13,0","6,18,0",0,-1,0,0.0,0.0,0.0,0.0,
29,SIPP_BigCS,"12,13,0","6,18,0",0,-1,0,0.0,0.0,0.0,0.0,
29,SIPP_Standard,"12,13,14","6,18,12",0,-1,0,8e-05,0.0,0.0,0.0,
30,SIPP_2^2,"40,31,0","35,23,0",1,144.969757,46,0.03724,49.49747,10.99557,21.99115,0 0 0 3 0 -4.493 0 3 0 0 3 0 3 -10.476 3
30,SIPP_2^3,"40,31,0","35,23,0",1,113.33475100000001,37,0.04981,28.08504,5.49779,10.99557,7 0 0 7 0 7 7 0 -6.766 6
30,SIPP_2^4,"40,31,0","35,23,0",1,95.366312,11,0.03278,1.61735,0.32175,0.6435,15 15 15 14 14
30,SIPP_2^5,"40,31,0","35,23,0",1,94.47170599999998,5,0.0396,1.24344,0.24871,0.49742,29 30 29
30,SIPP_BigCS,"40,31,12","35,23,15",1,94.0,5,0.20691,1.86411,0.3216,0.0203,182 202
30,SIPP_Standard,"40,31,12","35,23,15",1,851.5366789999999,3463,12.47824,36.173,6.9274,1.0406,38 19 101 75 110 32 65 -62.284 49 -53.253 76
31,SIPP_2^2,"18,23,0","31,20,0",1,225.023062,154,0.1053,77.78175,17.27876,34.55752,0 0 1 0 1 1 1 1 1 1 1 0 0 0 -5.023 1 1 2 1 2 1 2 1
31,SIPP_2^3,"18,23,0","31,20,0",1,210.40064999999998,196,0.25328,41.5961,7.85398,15.70796,1 0 1 2 2 2 2 2 1 1 7 -14.312 2 2 3 -2.951 3 3
31,SIPP_2^4,"18,23,0","31,20,0",1,208.656286,208,0.71451,36.77208,6.92669,13.85337,1 2 4 4 4 4 3 2 15 -4.047 4 -0.380 7 6 5
31,SIPP_2^5,"18,23,0","31,20,0",1,208.208983,209,1.87636,35.57131,6.80233,13.60466,2 4 8 8 8 7 4 30 -4.785 8 -0.380 14 11
31,SIPP_BigCS,"18,23,14","31,20,2",1,210.14010199999998,386,5.71551,23.45875,4.669,1.7813,346 173 -3.764 343 -9.828 345 -3.548 100 100
31,SIPP_Standard,"18,23,14","31,20,2",1,732.023349,409,1.18379,32.95357,6.3894,0.9172,-9.064 55 83 8 36 9 -35.675 37 -7.761 18 -20.523 100
32,SIPP_2^2,"28,24,0","20,15,0",1,230.638417,209,0.13554,63.63961,14.13717,28.27433,0 3 0 0 0 3 3 3 0 3 0 3 0 -25.027 0 -0.049 0 -35.563 3 3
32,SIPP_2^3,"28,24,0","20,15,0",1,128.99495199999998,21,0.02995,15.86708,3.14159,6.28319,7 0 0 7 7 7 7 7 6 7
32,SIPP_2^4,"28,24,0","20,15,0",1,125.43204,17,0.07013,9.51502,1.89255,3.78509,15 0 14 14 14 14 13 14
32,SIPP_2^5,"28,24,0","20,15,0",1,124.24683399999998,15,0.16102,4.29749,0.85844,1.71688,31 28 28 27 28 28
32,SIPP_BigCS,"28,24,1","20,15,3",1,125.0,13,0.41253,5.65405,1.1136,0.2744,66 102 102 126
32,SIPP_Standard,"28,24,1","20,15,3",1,448.65806399999997,364,1.59348,20.36223,3.9217,0.657,-3.869 13 -21.461 108 -81.329 34 67
33,SIPP_2^2,"17,45,0","14,34,0",0,-1,0,0.0,0.0,0.0,0.0,
33,SIPP_2^3,"17,45,0","14,34,0",0,-1,0,0.0,0.0,0.0,0.0,
33,SIPP_2^4,"17,45,0","14,34,0",0,-1,0,0.0,0.0,0.0,0.0,
33,SIPP_2^5,"17,45,0","14,34,0",0,-1,0,0.0,0.0,0.0,0.0,
33,SIPP_BigCS,"17,45,0","14,34,0",0,-1,0,0.0,0.0,0.0,0.0,
33,SIPP_Standard,"17,45,13","14,34,15",0,-1,60881,180.00297,0.0,0.0,0.0,
34,SIPP_2^2,"10,41,0","12,28,0",1,150.0,36,0.02918,21.2132,4.71239,9.42478,0 0 0 0 0 0 0 0 0 0 0 1 0 0 1
34,SIPP_2^3,"10,41,0","12,28,0",1,138.284272,26,0.04202,11.59279,2.35619,4.71239,0 0 0 0 0 0 0 0 0 1 0 0 1
34,SIPP_2^4,"10,41,0","12,28,0",1,134.72136,21,0.10323,6.94722,1.39094,2.78189,0 0 0 0 0 0 0 1 0 0 1
34,SIPP_2^5,"10,41,0","12,28,0",1,133.245554,16,0.20434,4.82449,0.96525,1.9305,0 0 0 0 0 0 1 0 1
34,SIPP_BigCS,"10,41,8","12,28,12",1,134.0,24,0.51641,2.36385,0.463,0.0399,6 6 6 6 6 6 86
34,SIPP_Standard,"10,41,8","12,28,12",1,740.0528380000001,1742,7.02188,38.37687,7.4315,1.2745,106 29 49 -19.442 100 -30.522 82 -1.194 15 110 -11.895 40
35,SIPP_2^2,"18,42,0","30,33,0",0,-1,0,0.0,0.0,0.0,0.0,
35,SIPP_2^3,"18,42,0","30,33,0",0,-1,0,0.0,0.0,0.0,0.0,
35,SIPP_2^4,"18,42,0","30,33,0",0,-1,0,0.0,0.0,0.0,0.0,
35,SIPP_2^5,"18,42,0","30,33,0",0,-1,0,0.0,0.0,0.0,0.0,
35,SIPP_BigCS,"18,42,0","30,33,0",0,-1,0,0.0,0.0,0.0,0.0,
35,SIPP_Standard,"18,42,14","30,33,7",0,-1,60581,180.00105,0.0,0.0,0.0,
36,SIPP_2^2,"26,25,0","12,22,0",1,229.074867,199,0.14367,42.42641,9.42478,18.84956,3 3 3 -16.826 0 3 3 3 0 3 0 -42.187 3 -0.029 3 -0.034 3 3 3 3 3
36,SIPP_2^3,"26,25,0","12,22,0",1,207.23425199999997,147,0.2004,27.07114,5.49779,10.99557,6 6 6 5 -15.322 7 6 -4.530 6 -18.386 5 6 6 7 7 7 7
36,SIPP_2^4,"26,25,0","12,22,0",1,206.21575399999998,146,0.55185,11.27309,2.2143,4.4286,10 9 -2.663 12 -12.370 12 -12.715 12 -0.394 12 -0.040 13 -0.242 13 14 14 14 14
36,SIPP_2^5,"26,25,0","12,22,0",1,205.52665599999997,143,1.41779,15.88337,3.33899,6.67798,21 -3.110 16 -12.370 24 -12.715 24 -0.394 24 -0.040 26 27 28 28 28
36,SIPP_BigCS,"26,25,10","12,22,5",1,204.992461,274,2.96278,7.70144,1.4885,0.2538,-38.913 283 -0.079 253 102
36,SIPP_Standard,"26,25,10","12,22,5",1,208.702311,6,0.09411,8.07527,1.5686,0.2733,-37.920 43 -4.783 69
37,SIPP_2^2,"34,4,0","22,6,0",1,177.797539,55,0.04372,21.2132,4.71239,9.42478,2 2 2 3 -17.798 0 3 3 3 3 3 3 3 3 3 3 3
37,SIPP_2^3,"34,4,0","22,6,0",1,174.043563,51,0.0717,17.00475,3.92699,7.85398,4 4 -25.759 7 6 6 6 6 6 6 6 6 6 6 5
37,SIPP_2^4,"34,4,0","22,6,0",1,171.224176,46,0.16943,25.40307,5.45983,10.91966,4 2 12 11 12 11 12 12 12 12 12 12 11
37,SIPP_2^5,"34,4,0","22,6,0",1,169.010467,42,0.37255,20.46324,4.75035,9.50069,8 12 25 23 24 24 24 24 24 23
37,SIPP_BigCS,"34,4,1","22,6,7",1,183.140013,70,0.97129,15.20618,3.0017,1.0066,344 175 -8.140 205 309
37,SIPP_Standard,"34,4,1","22,6,7",1,507.05667,127,0.67232,26.09569,5.0371,0.7575,79 -9.895 104 -6.162 55 107 54 106
38,SIPP_2^2,"22,14,0","13,26,0",1,210.0,101,0.07428,42.42641,9.42478,18.84956,2 2 2 2 2 2 3 2 2 2 3 3 2 2 3 3 3 3 3 3 2
38,SIPP_2^3,"22,14,0","13,26,0",1,186.56854399999997,84,0.11486,19.7264,3.92699,7.85398,5 4 4 4 4 4 5 5 4 4 4 5 6 6 6 6 6
38,SIPP_2^4,"22,14,0","13,26,0",1,181.800403,78,0.30803,7.95824,1.5708,3.14159,8 8 8 8 8 9 9 9 10 12 12 -0.576 12 12 12
38,SIPP_2^5,"22,14,0","13,26,0",1,181.800403,78,0.86145,12.95788,2.53605,5.0721,17 17 16 17 16 -1.655 20 24 24 -1.135 24 24 24
38,SIPP_BigCS,"22,14,9","13,26,10",1,183.0,235,7.25289,8.19154,1.5745,0.4351,4 4 56 206 334 7 7 7 7
38,SIPP_Standard,"22,14,9","13,26,10",1,524.142208,817,3.59894,29.46765,5.7236,0.912,44 4 104 43 -25.142 77 106
39,SIPP_2^2,"14,10,0","8,20,0",0,-1,0,0.0,0.0,0.0,0.0,
39,SIPP_2^3,"14,10,0","8,20,0",0,-1,0,0.0,0.0,0.0,0.0,
39,SIPP_2^4,"14,10,0","8,20,0",0,-1,0,0.0,0.0,0.0,0.0,
39,SIPP_2^5,"14,10,0","8,20,0",0,-1,0,0.0,0.0,0.0,0.0,
39,SIPP_BigCS,"14,10,0","8,20,0",0,-1,0,0.0,0.0,0.0,0.0,
39,SIPP_Standard,"14,10,0","8,20,2",0,-1,0,9e-05,0.0,0.0,0.0,
40,SIPP_2^2,"35,11,0","21,12,0",0,-1,0,0.0,0.0,0.0,0.0,
40,SIPP_2^3,"35,11,0","21,12,0",0,-1,0,0.0,0.0,0.0,0.0,
40,SIPP_2^4,"35,11,0","21,12,0",0,-1,0,0.0,0.0,0.0,0.0,
40,SIPP_2^5,"35,11,0","21,12,0",0,-1,0,0.0,0.0,0.0,0.0,
40,SIPP_BigCS,"35,11,0","21,12,0",0,-1,0,0.0,0.0,0.0,0.0,
40,SIPP_Standard,"35,11,11","21,12,0",0,-1,1,0.04956,0.0,0.0,0.0,
41,SIPP_2^2,"7,30,0","24,35,0",1,299.56764599999997,295,0.1821,49.49747,10.99557,21.99115,1 1 1 1 1 1 1 0 1 -14.267 1 -0.060 1 -0.420 1 1 2 1 1 2 1 1 1 2 -44.820 2 2 2
41,SIPP_2^3,"7,30,0","24,35,0",1,244.945714,215,0.26611,23.69653,4.71239,9.42478,2 2 2 2 2 2 2 1 -20.125 2 -0.060 2 -0.420 2 2 2 2 3 3 2 -1.750 4 -0.101 4 -0.062 4 4
41,SIPP_2^4,"7,30,0","24,35,0",1,244.190772,223,0.74413,20.03752,3.88903,7.77807,4 4 4 4 4 4 3 -21.906 4 -0.060 4 -0.420 4 5 5 5 4 8 9
41,SIPP_2^5,"7,30,0","24,35,0",1,243.290996,223,1.86951,13.73984,2.67795,5.35589,8 8 8 8 8 7 -22.644 8 -0.060 8 -0.997 9 9 10 16 18
41,SIPP_BigCS,"7,30,14","24,35,10",1,244.906067,887,10.65237,12.03561,2.3509,0.6082,169 -21.657 1 5 -8.250 37 4
41,SIPP_Standard,"7,30,14","24,35,10",1,856.262398,3593,13.00157,38.62716,7.4009,1.0972,45 -39.923 17 -36.815 79 -0.863 72 -35.176 111 -2.422 33 -6.062 82 11 51
42,SIPP_2^2,"19,31,0","33,39,0",0,-1,0,0.0,0.0,0.0,0.0,
42,SIPP_2^3,"19,31,0","33,39,0",0,-1,0,0.0,0.0,0.0,0.0,
42,SIPP_2^4,"19,31,0","33,39,0",0,-1,0,0.0,0.0,0.0,0.0,
42,SIPP_2^5,"19,31,0","33,39,0",0,-1,0,0.0,0.0,0.0,0.0,
42,SIPP_BigCS,"19,31,0","33,39,0",0,-1,0,0.0,0.0,0.0,0.0,
42,SIPP_Standard,"19,31,13","33,39,10",0,-1,0,0.00011,0.0,0.0,0.0,
43,SIPP_2^2,"27,11,0","40,19,0",1,210.0,99,0.06225,42.42641,9.42478,18.84956,1 1 1 1 1 1 1 2 1 2 2 1 1 1 1 2 2 2 2 2 1
43,SIPP_2^3,"27,11,0","40,19,0",1,187.077437,83,0.10234,7.83653,1.5708,3.14159,2 2 2 2 2 2 2 2 2 3 3 3 3 -0.488 4 -0.020 4 4 4
43,SIPP_2^4,"27,11,0","40,19,0",1,187.077437,87,0.29218,11.39591,2.2143,4.42859,4 4 4 4 4 4 5 5 6 5 -5.833 8 -0.020 8 8 8
43,SIPP_2^5,"27,11,0","40,19,0",1,186.541786,86,0.70984,11.36933,2.28315,4.56631,8 8 8 8 8 9 11 10 12 16 18
43,SIPP_BigCS,"27,11,10","40,19,7",1,186.869604,217,2.74887,8.01046,1.5849,0.275,5 5 5 5 57 -2.870 239
43,SIPP_Standard,"27,11,10","40,19,7",1,1164.926047,4201,13.42978,54.42003,10.5018,1.6436,17 -28.483 87 -52.930 24 91 3 -31.770 27 98 84 -16.178 25 -10.395 64 -0.171 32 81
44,SIPP_2^2,"39,28,0","40,46,0",1,254.945714,170,0.12812,28.28427,6.28319,12.56637,2 1 1 1 1 2 2 2 2 2 2 2 2 -4.883 3 -0.062 3 3 2 2 2 2 2 2 2 2 2
44,SIPP_2^3,"39,28,0","40,46,0",1,248.077437,247,0.39189,31.94212,6.28319,12.56637,4 3 3 4 4 5 5 5 5 -7.505 4 4 4 3 4 3 3 -23.273 4 -0.020 4
44,SIPP_2^4,"39,28,0","40,46,0",1,248.077437,264,1.02337,31.92,6.14129,12.28258,6 7 10 9 10 10 10 -0.745 7 6 6 6 7 -14.640 8 -0.093 8 -0.020 12
44,SIPP_2^5,"39,28,0","40,46,0",1,248.077437,267,2.56666,29.02994,5.69518,11.39037,13 20 20 20 20 17 12 12 13 12 -15.236 16 -0.093 16 -0.020 24
44,SIPP_BigCS,"39,28,12","40,46,14",1,248.041168,743,7.14132,24.63369,4.8816,1.5775,335 76 323 350 100 -27.041 188
44,SIPP_Standard,"39,28,12","40,46,14",1,570.385554,410,1.85259,30.61593,5.9343,0.9502,-7.872 82 11 -3.222 35 -52.138 80 21 -2.154 44
45,SIPP_2^2,"17,40,0","6,26,0",1,290.0,284,0.16828,91.92388,20.42035,40.8407,3 3 3 3 0 3 3 0 0 0 3 0 0 0 3 0 3 3 0 3 3 3 0 1 1 0 0 0 0
45,SIPP_2^3,"17,40,0","6,26,0",1,204.410248,86,0.10546,28.03048,5.49779,10.99557,7 6 6 6 7 7 7 7 7 0 0 0 0 7 0 7 -1.273 0
45,SIPP_2^4,"17,40,0","6,26,0",1,192.448352,31,0.1002,10.13432,2.03444,4.06889,12 12 13 14 14 15 15 15 15 0 15
45,SIPP_2^5,"17,40,0","6,26,0",1,190.97254600000002,27,0.20618,7.88749,1.5708,3.14159,25 24 28 28 30 30 30 30 31
45,SIPP_BigCS,"17,40,1","6,26,11",1,193.0,49,0.59437,8.38477,1.6197,0.3357,7 75 154 202 306
45,SIPP_Standard,"17,40,1","6,26,11",1,1105.5734779999998,15940,47.72144,42.84075,8.1023,1.3579,21 -17.286 32 73 108 34 -330.288 75 86 27 58
46,SIPP_2^2,"44,36,0","29,24,0",1,271.32755599999996,190,0.13334,84.85281,18.84956,37.69911,3 3 3 3 3 0 0 0 0 3 3 3 0 0 3 0 3 0 0 0 -1.267 3 -0.060 3 0 3 3 0 3
46,SIPP_2^3,"44,36,0","29,24,0",1,225.56349599999996,144,0.18937,32.30825,6.28319,12.56637,7 7 7 7 7 6 7 7 6 6 6 6 7 6 7 7 0 1
46,SIPP_2^4,"44,36,0","29,24,0",1,210.798352,117,0.42441,11.83849,2.2143,4.4286,14 14 14 14 13 13 13 13 13 14 14 2
46,SIPP_2^5,"44,36,0","29,24,0",1,209.45644299999998,115,1.04705,12.87536,2.41169,4.82339,27 28 27 27 26 26 28 28 4
46,SIPP_BigCS,"44,36,2","29,24,5",1,242.90307299999998,988,11.36229,13.20126,2.4892,0.6903,202 202 202 202 202 322 341 -18.903 379
46,SIPP_Standard,"44,36,2","29,24,5",1,615.974964,1873,8.42577,30.29872,5.8485,0.8669,-25.975 90 6 66 38 15 110 32
47,SIPP_2^2,"39,1,0","39,19,0",0,-1,0,0.0,0.0,0.0,0.0,
47,SIPP_2^3,"39,1,0","39,19,0",0,-1,0,0.0,0.0,0.0,0.0,
47,SIPP_2^4,"39,1,0","39,19,0",0,-1,0,0.0,0.0,0.0,0.0,
47,SIPP_2^5,"39,1,0","39,19,0",0,-1,0,0.0,0.0,0.0,0.0,
47,SIPP_BigCS,"39,1,0","39,19,0",0,-1,0,0.0,0.0,0.0,0.0,
47,SIPP_Standard,"39,1,6","39,19,14",0,-1,0,5e-05,0.0,0.0,0.0,
48,SIPP_2^2,"29,32,0","12,36,0",1,250.0,144,0.0969,91.92388,20.42035,40.8407,3 2 3 2 3 3 3 3 2 3 2 2 3 3 3 3 2 3 3 3 0 3 3 3 0
48,SIPP_2^3,"29,32,0","12,36,0",1,211.42135999999994,114,0.15348,20.53698,3.92699,7.85398,6 5 6 6 6 6 6 6 5 5 5 5 5 5 7 7 7
48,SIPP_2^4,"29,32,0","12,36,0",1,198.95116799999997,94,0.34525,6.5217,1.24905,2.49809,11 11 11 11 11 11 11 14 14 14
48,SIPP_2^5,"29,32,0","12,36,0",1,198.95116799999997,97,0.90529,6.5217,1.24905,2.49809,22 22 22 22 22 22 22 28 28 28
48,SIPP_BigCS,"29,32,6","12,36,9",1,208.638425,464,6.108,16.00234,3.1458,1.0359,171 67 155 -6.638 347 102 102
48,SIPP_Standard,"29,32,6","12,36,9",1,367.76840500000003,210,0.97766,21.67386,4.1613,0.6903,-23.768 14 101 75 110
49,SIPP_2^2,"32,40,0","20,26,0",1,293.03214,301,0.21658,56.56854,12.56637,25.13274,3 0 3 3 0 0 0 0 0 0 0 0 3 3 3 0 0 0 0 3 3 0 -33.032 3 3 3 3
49,SIPP_2^3,"32,40,0","20,26,0",1,201.42135999999996,66,0.09377,23.9399,4.71239,9.42478,7 6 7 7 7 7 7 0 0 0 0 7 7 7 6 7
49,SIPP_2^4,"32,40,0","20,26,0",1,190.732624,40,0.16575,8.05093,1.60875,3.21751,13 14 15 15 15 15 14 14 13 14
49,SIPP_2^5,"32,40,0","20,26,0",1,190.28532099999998,38,0.40181,6.80032,1.36004,2.72009,26 28 30 30 30 30 28 27 28
49,SIPP_BigCS,"32,40,0","20,26,5",1,195.0,103,1.54481,11.4712,2.2188,0.5395,205 333 90 102 126
49,SIPP_Standard,"32,40,0","20,26,5",1,578.0,1298,6.00005,19.68193,3.7804,0.5121,29 37 2 14 109 51 70
50,SIPP_2^2,"30,14,0","45,7,0",1,220.0,95,0.06992,49.49747,10.99557,21.99115,0 1 0 0 1 1 1 1 1 1 1 1 1 0 0 1 1 1 1 0 0 1
50,SIPP_2^3,"30,14,0","45,7,0",1,190.71067999999997,55,0.08325,39.02966,7.85398,15.70796,1 0 0 2 2 2 2 2 2 1 2 1 2 2 1 2 1
50,SIPP_2^4,"30,14,0","45,7,0",1,185.366312,51,0.22032,16.52807,3.28349,6.56698,0 1 4 4 3 4 4 4 4 4 4 3 2 2
50,SIPP_2^5,"30,14,0","45,7,0",1,184.845091,51,0.57175,10.26039,2.03444,4.06889,1 -0.374 7 8 8 8 8 8 8 8 -0.581 6 4 4
50,SIPP_BigCS,"30,14,4","45,7,11",1,184.871973,71,1.38839,12.2478,2.3949,0.5696,-3.872 78 361 89 101
50,SIPP_Standard,"30,14,4","45,7,11",1,403.70657300000005,77,0.28715,16.10171,3.1374,0.4774,-50.439 106 -98.267 45 25
51,SIPP_2^2,"35,24,0","27,43,0",0,-1,0,0.0,0.0,0.0,0.0,
51,SIPP_2^3,"35,24,0","27,43,0",0,-1,0,0.0,0.0,0.0,0.0,
51,SIPP_2^4,"35,24,0","27,43,0",0,-1,0,0.0,0.0,0.0,0.0,
51,SIPP_2^5,"35,24,0","27,43,0",0,-1,0,0.0,0.0,0.0,0.0,
51,SIPP_BigCS,"35,24,0","27,43,0",0,-1,0,0.0,0.0,0.0,0.0,
51,SIPP_Standard,"35,24,15","27,43,0",0,-1,0,0.0001,0.0,0.0,0.0,
52,SIPP_2^2,"41,26,0","20,32,0",1,296.252763,198,0.15122,35.35534,7.85398,15.70796,3 2 2 -26.253 2 3 3 3 3 3 3 3 3 3 3 3 3 3 3 3 3 3 3 3 2 2 3 2
52,SIPP_2^3,"41,26,0","20,32,0",1,246.56854399999997,122,0.1664,15.60248,3.14159,6.28319,6 5 6 6 6 6 6 6 6 6 6 6 6 6 6 6 6 6 5 5 5 4 4
52,SIPP_2^4,"41,26,0","20,32,0",1,244.945714,132,0.48425,12.70213,2.49809,4.99618,12 11 12 12 12 12 12 12 12 12 12 12 12 12 11 11 11 -5.503 8 8
52,SIPP_2^5,"41,26,0","20,32,0",1,244.945714,141,1.30315,16.34597,3.17955,6.3591,23 24 24 23 24 24 24 24 24 24 23 23 24 -8.455 16 16
52,SIPP_BigCS,"41,26,7","20,32,7",1,244.81833600000002,470,6.60636,10.37433,2.0761,0.4131,363 7 7 7 7 7 7 7 7 7 -0.818 11
52,SIPP_Standard,"41,26,7","20,32,7",1,645.533138,569,2.41056,27.66888,5.2987,0.7409,37 -47.582 6 82 15 78 83 -15.951 0
53,SIPP_2^2,"24,28,0","45,26,0",0,-1,0,0.0,0.0,0.0,0.0,
53,SIPP_2^3,"24,28,0","45,26,0",0,-1,0,0.0,0.0,0.0,0.0,
53,SIPP_2^4,"24,28,0","45,26,0",0,-1,0,0.0,0.0,0.0,0.0,
53,SIPP_2^5,"24,28,0","45,26,0",0,-1,0,0.0,0.0,0.0,0.0,
53,SIPP_BigCS,"24,28,0","45,26,0",0,-1,0,0.0,0.0,0.0,0.0,
53,SIPP_Standard,"24,28,8","45,26,0",0,-1,61356,180.00235,0.0,0.0,0.0,
54,SIPP_2^2,"33,27,0","23,43,0",1,314.72029499999996,335,0.21796,63.63961,14.13717,28.27433,2 3 3 3 3 2 2 2 2 2 2 2 2 1 -14.094 2 -3.938 3 3 3 -3.424 3 3 -3.796 2 -9.469 2 3 2 2 2 2 3
54,SIPP_2^3,"33,27,0","23,43,0",1,245.913086,187,0.21567,19.21224,3.92699,7.85398,5 5 5 5 5 5 5 5 5 5 5 5 4 5 4 -2.065 4 2 2 2
54,SIPP_2^4,"33,27,0","23,43,0",1,245.913086,202,0.6209,11.71771,2.35619,4.71239,10 10 10 10 10 10 10 10 10 10 10 9 9 -5.628 8 4 4 4
54,SIPP_2^5,"33,27,0","23,43,0",1,245.913086,208,1.62358,11.71771,2.35619,4.71239,20 20 20 20 20 20 20 20 20 20 20 18 18 -5.628 16 8 8 8
54,SIPP_BigCS,"33,27,9","23,43,2",1,296.910219,1685,23.99899,24.63249,4.8437,1.562,-12.604 156 76 203 339 -8.217 349 -3.089 103 163 4
54,SIPP_Standard,"33,27,9","23,43,2",1,362.649533,133,0.62861,12.80684,2.497,0.354,-39.323 7 -68.327 83 8
55,SIPP_2^2,"41,25,0","25,14,0",1,358.035846,534,0.38687,42.42641,9.42478,18.84956,2 2 3 3 -48.036 3 3 3 3 3 3 3 3 3 3 3 0 0 0 0 0 0 0 0 0 3 0 0 0 3 3 0
55,SIPP_2^3,"41,25,0","25,14,0",1,272.62866699999995,248,0.33586,45.79174,8.63938,17.27876,5 5 7 7 7 6 6 6 6 6 6 6 6 7 1 -1.207 7 0 0 0 7 7 0 0
55,SIPP_2^4,"41,25,0","25,14,0",1,268.765197,239,0.85948,35.4664,7.17252,14.34505,10 10 12 13 12 13 12 12 13 13 2 -9.814 15 15 0 0 15
55,SIPP_2^5,"41,25,0","25,14,0",1,267.28939099999997,233,2.06975,25.09848,4.53254,9.06507,20 20 25 25 25 25 -1.719 4 -11.046 30 31 31
55,SIPP_BigCS,"41,25,14","25,14,2",1,289.667263,714,7.10871,22.36999,4.3861,1.1644,135 162 7 75 -36.667 170 30
55,SIPP_Standard,"41,25,14","25,14,2",1,715.749316,693,3.09875,24.23769,4.6106,0.6407,104 55 -46.749 91 19 77 106 29 29
56,SIPP_2^2,"31,45,0","12,38,0",0,-1,0,0.0,0.0,0.0,0.0,
56,SIPP_2^3,"31,45,0","12,38,0",0,-1,0,0.0,0.0,0.0,0.0,
56,SIPP_2^4,"31,45,0","12,38,0",0,-1,0,0.0,0.0,0.0,0.0,
56,SIPP_2^5,"31,45,0","12,38,0",0,-1,0,0.0,0.0,0.0,0.0,
56,SIPP_BigCS,"31,45,0","12,38,0",0,-1,0,0.0,0.0,0.0,0.0,
56,SIPP_Standard,"31,45,2","12,38,2",0,-1,0,9e-05,0.0,0.0,0.0,
57,SIPP_2^2,"4,22,0","20,37,0",1,312.72547299999997,232,0.14829,77.78175,17.27876,34.55752,1 2 2 2 2 1 2 1 1 1 1 1 2 1 2 1 1 1 1 1 1 1 2 1 2 2 2 2 2 -2.725 2 2
57,SIPP_2^3,"4,22,0","20,37,0",1,301.779092,298,0.35857,40.90208,7.85398,15.70796,3 4 4 3 3 3 2 2 2 2 2 2 2 2 2 2 3 2 3 3 -4.500 5 4 4 4 4 5
57,SIPP_2^4,"4,22,0","20,37,0",1,300.756198,309,0.98416,35.48877,7.17252,14.34505,7 8 6 6 4 4 4 4 4 4 5 4 5 5 4 4 -6.068 9 -0.458 8 8 8 8 10
57,SIPP_2^5,"4,22,0","20,37,0",1,300.756198,311,2.44683,27.95331,5.17604,10.35207,15 12 12 9 9 8 8 8 8 9 8 8 -9.020 18 -0.458 16 16 16 16 20
57,SIPP_BigCS,"4,22,1","20,37,12",1,305.30324699999994,1536,18.21647,20.14449,3.9685,0.8733,20 367 -28.487 37 -5.817 72
57,SIPP_Standard,"4,22,1","20,37,12",1,939.177096,1962,7.04262,45.59775,8.7785,1.5283,105 -109.177 32 73 108 34 67 51 110 28 32
58,SIPP_2^2,"22,25,0","42,26,0",1,224.55978100000002,70,0.04932,14.14214,3.14159,6.28319,1 1 1 1 1 1 1 1 1 1 2 -14.560 1 1 1 1 1 1 1 1 1 1
58,SIPP_2^3,"22,25,0","42,26,0",1,212.42640799999998,58,0.07643,11.69247,2.35619,4.71239,2 2 2 2 2 2 2 2 2 3 3 2 2 2 2 2 2 2 2 1
58,SIPP_2^4,"22,25,0","42,26,0",1,207.08204,47,0.17161,6.97882,1.39094,2.78189,4 4 4 4 4 4 5 5 4 4 4 4 4 4 4 4 3
58,SIPP_2^5,"22,25,0","42,26,0",1,204.868331,48,0.4568,6.49891,1.287,2.574,8 8 8 8 8 9 9 7 8 8 8 8 8 8
58,SIPP_BigCS,"22,25,15","42,26,3",1,206.0,104,1.46491,7.44336,1.4491,0.1627,5 57 367 29
58,SIPP_Standard,"22,25,15","42,26,3",1,853.703724,3209,11.22669,41.1345,7.9554,1.4281,1 -34.848 13 108 34 83 -48.699 8 32 -93.157 97
59,SIPP_2^2,"20,46,0","38,41,0",1,282.16920200000004,165,0.13449,28.28427,6.28319,12.56637,1 1 1 1 1 1 1 1 1 0 -52.169 1 1 1 1 1 1 1 1 0 0 0 0 1
59,SIPP_2^3,"20,46,0","38,41,0",1,221.204552,91,0.15257,28.24073,5.49779,10.99557,2 2 2 2 2 1 1 1 2 2 -0.494 1 0 0 2 2 2 2 2 2 3
59,SIPP_2^4,"20,46,0","38,41,0",1,219.42309600000002,94,0.4088,28.52776,5.45983,10.91966,4 3 4 4 3 3 4 -5.838 2 0 0 4 4 4 4 4 5
59,SIPP_2^5,"20,46,0","38,41,0",1,217.229011,90,1.00933,22.6858,4.42859,8.85719,7 8 7 8 8 8 2 0 0 8 8 8 8 9
59,SIPP_BigCS,"20,46,12","38,41,4",1,233.29593,489,6.19148,15.92982,3.1305,0.8814,101 169 89 -22.296 101 101 169 73 100
59,SIPP_Standard,"20,46,12","38,41,4",1,695.467091,1024,4.45201,25.59896,4.9564,0.7042,22 49 -19.243 76 -183.224 105 44 24
60,SIPP_2^2,"31,41,0","34,20,0",1,323.650243,320,0.21992,63.63961,14.13717,28.27433,0 0 3 3 0 0 0 0 0 0 0 0 0 0 0 3 0 0 0 0 1 1 1 0 1 0 0 0 -18.963 1 -4.688 1
60,SIPP_2^3,"31,41,0","34,20,0",1,255.56349599999996,167,0.22192,19.76529,3.92699,7.85398,0 7 7 0 0 0 0 0 0 0 1 1 1 1 1 1 1 0 0 7 7
60,SIPP_2^4,"31,41,0","34,20,0",1,250.21912799999996,162,0.57912,15.49078,3.14159,6.28319,14 15 0 0 0 0 0 0 0 2 2 2 2 2 1 1 14 14
60,SIPP_2^5,"31,41,0","34,20,0",1,248.29601899999997,153,1.35585,16.93939,3.53638,7.07277,28 31 0 0 0 0 0 1 4 3 4 4 4 28 28
60,SIPP_BigCS,"31,41,3","34,20,4",1,250.0,435,5.34499,19.1154,3.7799,0.9851,190 6 6 54 321 348 102
60,SIPP_Standard,"31,41,3","34,20,4",1,324.182407,127,0.62511,10.23123,1.9816,0.2277,46 -67.158 18 -16.024 76
61,SIPP_2^2,"25,25,0","8,8,0",1,415.491244,595,0.3692,91.92388,20.42035,40.8407,0 0 1 1 0 0 0 3 3 3 0 0 3 -6.604 0 0 0 0 -5.669 0 3 3 3 3 0 3 3 -0.843 3 -0.151 3 -0.060 3 3 0 0 0 3 3 0 -22.164 3 3 3
61,SIPP_2^3,"25,25,0","8,8,0",1,340.613656,289,0.31188,39.3976,10.99557,21.99115,1 1 0 7 7 7 7 7 7 7 7 7 6 6 7 6 6 -6.055 5 5 1 0 0 7 7 6 7
61,SIPP_2^4,"25,25,0","8,8,0",1,291.509032,157,0.43626,22.76215,4.4286,8.85719,1 2 14 14 14 14 14 14 14 14 14 13 13 14 15 14 12 11
61,SIPP_2^5,"25,25,0","8,8,0",1,285.64341199999996,141,1.03997,14.6167,2.9442,5.88839,3 28 28 28 28 28 28 28 28 28 27 27 27 20
61,SIPP_BigCS,"25,25,10","8,8,11",1,364.158364,1593,24.24995,22.80607,4.5078,1.2651,101 101 -5.776 161 -21.810 70 -1.658 325 -10.214 330 -10.700 43 253
61,SIPP_Standard,"25,25,10","8,8,11",1,581.296214,169,0.78305,28.64115,5.5517,0.7925,36 -2.296 13 108 38 3 23 38
62,SIPP_2^2,"19,15,0","40,6,0",0,-1,0,0.0,0.0,0.0,0.0,
62,SIPP_2^3,"19,15,0","40,6,0",0,-1,0,0.0,0.0,0.0,0.0,
62,SIPP_2^4,"19,15,0","40,6,0",0,-1,0,0.0,0.0,0.0,0.0,
62,SIPP_2^5,"19,15,0","40,6,0",0,-1,0,0.0,0.0,0.0,0.0,
62,SIPP_BigCS,"19,15,0","40,6,0",0,-1,0,0.0,0.0,0.0,0.0,
62,SIPP_Standard,"19,15,14","40,6,0",0,-1,0,5e-05,0.0,0.0,0.0,
63,SIPP_2^2,"31,35,0","4,33,0",0,-1,0,0.0,0.0,0.0,0.0,
63,SIPP_2^3,"31,35,0","4,33,0",0,-1,0,0.0,0.0,0.0,0.0,
63,SIPP_2^4,"31,35,0","4,33,0",0,-1,0,0.0,0.0,0.0,0.0,
63,SIPP_2^5,"31,35,0","4,33,0",0,-1,0,0.0,0.0,0.0,0.0,
63,SIPP_BigCS,"31,35,0","4,33,0",0,-1,0,0.0,0.0,0.0,0.0,
63,SIPP_Standard,"31,35,14","4,33,4",0,-1,0,1e-05,0.0,0.0,0.0,
64,SIPP_2^2,"37,3,0","22,21,0",1,330.0,278,0.1976,70.71068,15.70796,31.41593,2 2 2 3 3 3 3 3 3 3 3 3 3 2 3 2 2 2 2 2 2 2 3 2 2 3 3 2 2 2 2 3 2
64,SIPP_2^3,"37,3,0","22,21,0",1,242.13203999999993,58,0.08072,15.77412,3.14159,6.28319,5 5 5 5 5 5 5 4 5 5 5 5 5 5 5 4 4 5
64,SIPP_2^4,"37,3,0","22,21,0",1,236.78767199999996,38,0.15985,9.6684,1.9305,3.86101,10 10 10 10 10 10 10 10 9 10 9 10 10 9 10
64,SIPP_2^5,"37,3,0","22,21,0",1,235.44576299999994,30,0.32613,3.95534,0.78958,1.57916,20 20 20 20 20 20 20 19 19 20 19 20
64,SIPP_BigCS,"37,3,11","22,21,3",1,234.38829500000003,22,0.58305,3.5491,0.6528,0.0402,103 103 103 103 103 -0.388 127 222 103
64,SIPP_Standard,"37,3,11","22,21,3",1,237.0,3,0.06453,4.98437,0.9733,0.0991,31 51 78
65,SIPP_2^2,"37,10,0","12,6,0",0,-1,0,0.0,0.0,0.0,0.0,
65,SIPP_2^3,"37,10,0","12,6,0",0,-1,0,0.0,0.0,0.0,0.0,
65,SIPP_2^4,"37,10,0","12,6,0",0,-1,0,0.0,0.0,0.0,0.0,
65,SIPP_2^5,"37,10,0","12,6,0",0,-1,0,0.0,0.0,0.0,0.0,
65,SIPP_BigCS,"37,10,0","12,6,0",0,-1,0,0.0,0.0,0.0,0.0,
65,SIPP_Standard,"37,10,3","12,6,12",0,-1,1,0.0322,0.0,0.0,0.0,
66,SIPP_2^2,"13,46,0","26,24,0",1,354.029362,289,0.20715,35.35534,7.85398,15.70796,0 0 0 0 0 0 0 -4.029 0 0 0 0 0 0 0 0 0 0 1 1 1 1 1 1 1 1 1 0 0 0 0 1 1 1 0 1
66,SIPP_2^3,"13,46,0","26,24,0",1,313.02431399999995,208,0.2754,11.69247,2.35619,4.71239,0 0 0 0 0 0 0 -4.029 0 0 0 0 0 0 0 0 1 1 2 2 2 2 2 2 1 1 1 1 1
66,SIPP_2^4,"13,46,0","26,24,0",1,313.02431399999995,225,0.7893,11.69247,2.35619,4.71239,0 0 0 0 0 0 0 -4.029 0 0 0 0 0 0 0 0 2 2 4 4 4 4 4 4 2 2 2 2 2
66,SIPP_2^5,"13,46,0","26,24,0",1,312.240506,229,1.97547,18.47006,3.6432,7.28639,0 0 0 0 31 1 0 0 0 0 0 4 4 8 8 8 8 8 8 4 4 4 4 4
66,SIPP_BigCS,"13,46,15","26,24,3",1,316.0,1001,11.33972,16.49213,3.1933,0.7143,362 6 6 58 332 5 29 321 204
66,SIPP_Standard,"13,46,15","26,24,3",1,735.172254,1390,5.86442,42.14762,8.1344,1.3639,90 22 33 -45.092 90 26 105 40 -5.080 110
67,SIPP_2^2,"31,36,0","47,19,0",0,-1,0,0.0,0.0,0.0,0.0,
67,SIPP_2^3,"31,36,0","47,19,0",0,-1,0,0.0,0.0,0.0,0.0,
67,SIPP_2^4,"31,36,0","47,19,0",0,-1,0,0.0,0.0,0.0,0.0,
67,SIPP_2^5,"31,36,0","47,19,0",0,-1,0,0.0,0.0,0.0,0.0,
67,SIPP_BigCS,"31,36,0","47,19,0",0,-1,0,0.0,0.0,0.0,0.0,
67,SIPP_Standard,"31,36,8","47,19,1",0,-1,61621,180.00055,0.0,0.0,0.0,
68,SIPP_2^2,"43,11,0","17,8,0",1,290.0,104,0.07945,42.42641,9.42478,18.84956,3 0 3 0 3 0 3 3 3 3 3 3 3 3 3 3 3 3 3 3 3 3 3 3 3 3 3 3 3
68,SIPP_2^3,"43,11,0","17,8,0",1,279.99472499999996,82,0.14769,19.45842,3.92699,7.85398,6 -7.132 6 -0.436 6 6 6 6 6 6 6 6 7 6 6 6 6 7 6 6 6 6 6 6 6 6 6 7
68,SIPP_2^4,"43,11,0","17,8,0",1,274.650357,66,0.26983,11.62852,2.31824,4.63648,12 -7.132 12 -0.436 12 12 12 12 12 12 12 13 12 12 12 12 13 12 12 12 12 12 12 12 13
68,SIPP_2^5,"43,11,0","17,8,0",1,272.436648,58,0.61286,8.05749,1.60875,3.21751,24 -7.132 24 -0.436 24 24 24 25 24 24 24 24 24 24 25 24 24 24 24 24 24 25
68,SIPP_BigCS,"43,11,0","17,8,0",1,273.396327,103,1.82006,7.4433,1.4491,0.1627,-7.396 59 365 7 7 7 7 7 7 7 59
68,SIPP_Standard,"43,11,0","17,8,0",1,493.01834499999995,618,3.1706,17.81478,3.449,0.4482,-85.574 20 -4.444 47 23 54 74
69,SIPP_2^2,"25,24,0","4,13,0",1,387.56345999999996,404,0.24529,49.49747,10.99557,21.99115,0 1 0 1 0 0 3 3 3 3 0 0 -16.604 0 0 0 0 -5.669 0 3 3 3 3 3 -5.290 3 3 3 3 3 3 3 3 3 3 3 3 3 3
69,SIPP_2^3,"25,24,0","4,13,0",1,376.4844409999999,569,0.62417,31.16037,6.28319,12.56637,1 1 -5.357 7 7 7 7 7 7 7 7 7 6 7 7 7 0 0 0 7 6 6 5 5 5 5 5 5 5
69,SIPP_2^4,"25,24,0","4,13,0",1,349.74379999999996,462,1.36711,28.16284,5.53574,11.07149,1 2 14 14 14 13 14 14 14 14 14 13 13 14 13 12 11 -9.257 11 -0.180 9 8
69,SIPP_2^5,"25,24,0","4,13,0",1,349.39401999999995,468,3.48834,18.78932,3.80264,7.60527,3 28 28 28 28 28 27 28 27 27 25 22 -11.784 22 -0.568 17
69,SIPP_BigCS,"25,24,3","4,13,3",1,385.41605999999996,1768,22.34928,18.48027,3.6492,1.0101,321 -43.503 340 -8.506 250 -3.217 102 -0.303 166 -1.811 363 7 -2.076 7 7 7 7 7 7
69,SIPP_Standard,"25,24,3","4,13,3",1,654.0,337,1.56503,25.58628,4.9105,0.7594,48 111 33 74 93 3 3 11
70,SIPP_2^2,"2,39,0","26,39,0",1,311.95756300000005,219,0.14629,35.35534,7.85398,15.70796,1 1 2 2 -29.468 1 -1.095 1 1 1 1 1 1 1 1 1 1 1 1 1 1 1 1 -1.394 1 1 1 1 0 1 0
70,SIPP_2^3,"2,39,0","26,39,0",1,296.469971,230,0.28464,27.71317,5.49779,10.99557,4 4 3 -11.617 3 2 2 2 2 2 2 2 2 2 2 2 2 2 2 2 2 1 2 1 1 2 1
70,SIPP_2^4,"2,39,0","26,39,0",1,293.294179,253,0.85111,34.39816,7.06858,14.13717,4 4 4 4 4 4 4 4 4 3 3 6 6 5 5 -9.055 4 -0.101 8 -5.766 2 3 2
70,SIPP_2^5,"2,39,0","26,39,0",1,292.02695400000005,258,2.20706,24.82275,4.76789,9.53577,8 8 8 8 8 8 8 7 8 9 12 11 -12.470 16 -4.003 5 5
70,SIPP_BigCS,"2,39,2","26,39,10",1,295.737434,1032,12.54065,15.43551,2.9977,0.8018,4 -10.568 68 343 201 361 5 5 5 -6.170 81
70,SIPP_Standard,"2,39,2","26,39,10",1,620.8956679999999,980,4.79084,28.91786,5.6131,0.8265,9 37 26 -85.414 105 -20.533 44 -8.948 20
71,SIPP_2^2,"25,18,0","4,1,0",0,-1,0,0.0,0.0,0.0,0.0,
71,SIPP_2^3,"25,18,0","4,1,0",0,-1,0,0.0,0.0,0.0,0.0,
71,SIPP_2^4,"25,18,0","4,1,0",0,-1,0,0.0,0.0,0.0,0.0,
71,SIPP_2^5,"25,18,0","4,1,0",0,-1,0,0.0,0.0,0.0,0.0,
71,SIPP_BigCS,"25,18,0","4,1,0",0,-1,0,0.0,0.0,0.0,0.0,
71,SIPP_Standard,"25,18,3","4,1,9",0,-1,62936,180.00915,0.0,0.0,0.0,
72,SIPP_2^2,"7,4,0","22,27,0",1,380.0,367,0.25949,120.20815,26.70354,53.40708,2 2 2 2 1 2 2 2 2 1 2 2 1 2 2 2 2 2 2 2 1 2 2 1 2 1 1 1 1 1 2 1 1 2 1 1 2 1
72,SIPP_2^3,"7,4,0","22,27,0",1,315.56349599999993,204,0.28038,39.75487,7.85398,15.70796,3 4 4 4 4 3 4 4 3 4 4 4 4 4 4 3 3 2 2 3 3 3 2 2 3 3 3
72,SIPP_2^4,"7,4,0","22,27,0",1,305.388256,175,0.64414,18.25019,3.60524,7.21048,8 8 8 8 7 8 7 7 8 8 8 8 6 5 5 5 5 5 7
72,SIPP_2^5,"7,4,0","22,27,0",1,303.770797,180,1.76222,12.92324,2.55359,5.10718,16 15 15 15 16 16 16 16 16 12 9 10 10 10 13
72,SIPP_BigCS,"7,4,15","22,27,8",1,306.62100899999996,763,8.72527,12.66585,2.4126,0.5232,28 304 4 -9.250 68 207 207 -0.371 255 100
72,SIPP_Standard,"7,4,15","22,27,8",1,424.33664799999997,162,0.88907,20.61725,4.0156,0.6876,-21.743 95 -52.594 25 96 102
73,SIPP_2^2,"14,28,0","32,5,0",1,456.375136,417,0.29699,56.56854,12.56637,25.13274,3 3 -6.375 0 0 0 0 0 0 0 0 0 0 0 0 0 0 0 0 0 0 0 1 0 0 1 1 1 1 1 1 1 1 1 1 1 1 1 1 1 1 0 1 1 0 1
73,SIPP_2^3,"14,28,0","32,5,0",1,420.65767299999993,350,0.46949,48.38528,10.21018,20.42035,4 4 -38.309 1 -31.816 2 -0.116 1 1 1 1 1 0 1 1 1 1 1 1 1 1 0 0 1 0 0 1 0 0 0 1
73,SIPP_2^4,"14,28,0","32,5,0",1,406.40602499999994,240,0.84306,29.89598,6.501,13.00199,8 8 -38.309 2 -31.816 4 -0.116 2 1 1 1 2 1 2 1 1 2 1 1 2 2 2 2
73,SIPP_2^5,"14,28,0","32,5,0",1,403.27490400000005,178,1.5024,19.2363,4.3731,8.74619,16 16 -38.309 4 -31.816 8 -0.116 4 3 3 3 3 3 3 2 3
73,SIPP_BigCS,"14,28,0","32,5,10",1,426.86836000000005,300,3.59321,26.38775,5.217,1.5588,-11.099 79 338 -59.769 332 65 101 101 101 153 321 252 101
73,SIPP_Standard,"14,28,0","32,5,10",1,762.00001,264,0.99705,34.46889,6.5002,1.0087,75 -32.316 110 32 81 18 60 92 -48.684 26
74,SIPP_2^2,"41,38,0","14,47,0",0,-1,0,0.0,0.0,0.0,0.0,
74,SIPP_2^3,"41,38,0","14,47,0",0,-1,0,0.0,0.0,0.0,0.0,
74,SIPP_2^4,"41,38,0","14,47,0",0,-1,0,0.0,0.0,0.0,0.0,
74,SIPP_2^5,"41,38,0","14,47,0",0,-1,0,0.0,0.0,0.0,0.0,
74,SIPP_BigCS,"41,38,0","14,47,0",0,-1,0,0.0,0.0,0.0,0.0,
74,SIPP_Standard,"41,38,14","14,47,1",0,-1,0,7e-05,0.0,0.0,0.0,
75,SIPP_2^2,"37,20,0","13,33,0",1,430.0,739,0.45527,49.49747,10.99557,21.99115,3 3 3 3 2 3 3 3 3 3 3 3 3 3 3 3 3 3 3 3 3 3 3 3 3 3 3 2 2 2 2 2 3 2 2 2 2 2 2 1 1 1 2
75,SIPP_2^3,"37,20,0","13,33,0",1,310.115117,241,0.27651,31.88526,6.28319,12.56637,6 6 6 6 5 5 6 6 6 6 5 5 5 5 5 6 5 6 6 6 6 5 5 5 -3.415 4 -1.137 4
75,SIPP_2^4,"37,20,0","13,33,0",1,310.115117,267,0.84795,12.59873,2.49809,4.99618,12 12 12 11 11 11 11 11 11 11 12 11 11 11 -3.099 8 -12.273 8 -1.137 8
75,SIPP_2^5,"37,20,0","13,33,0",1,310.115117,271,2.23305,7.34883,1.39094,2.78189,22 22 22 22 22 22 23 23 23 23 -6.050 16 -12.273 16 -1.137 16
75,SIPP_BigCS,"37,20,9","13,33,7",1,310.000903,1612,20.49118,13.20322,2.554,0.3762,83 307 31 203 -6.001 235
75,SIPP_Standard,"37,20,9","13,33,7",1,518.559937,1384,6.47269,21.13974,4.1212,0.7622,99 101 75 -174.560 102
76,SIPP_2^2,"45,6,0","27,28,0",1,415.651069,450,0.30143,63.63961,14.13717,28.27433,-15.651 3 3 2 2 2 3 3 3 2 2 2 2 2 2 2 2 2 3 3 3 3 2 2 3 3 3 3 3 3 3 3 2 2 2 2 2 2 2 3 2
76,SIPP_2^3,"45,6,0","27,28,0",1,348.49879699999997,252,0.32383,39.72136,7.85398,15.70796,-14.672 5 5 4 4 4 5 4 4 5 -15.724 4 -0.093 4 -0.020 4 5 5 5 6 6 6 5 5 5 5 5 5 6 5
76,SIPP_2^4,"45,6,0","27,28,0",1,341.311848,229,0.79327,26.60614,5.31793,10.63587,14 11 11 11 12 12 12 11 10 9 9 10 8 8 8 8 8 8 8 8 9 8 9
76,SIPP_2^5,"45,6,0","27,28,0",1,337.17502999999994,185,1.56708,20.98688,4.24874,8.49748,28 22 22 23 23 24 20 19 17 16 16 16 17 16 16 16 17
76,SIPP_BigCS,"45,6,4","27,28,11",1,339.81643299999996,699,9.55262,13.34404,2.5514,0.473,-14.696 103 163 4 4 -20.888 52 203 -0.232 251 155
76,SIPP_Standard,"45,6,4","27,28,11",1,488.069958,874,4.34214,20.16348,3.9217,0.5711,-14.633 47 3 15 110 -59.437 44
77,SIPP_2^2,"4,33,0","18,7,0",1,450.334751,516,0.318,148.49242,32.98672,65.97345,0 0 1 0 0 0 0 0 0 3 0 0 -28.520 0 1 0 0 0 0 1 1 0 0 1 0 1 1 1 0 0 1 0 1 0 1 0 0 1 0 0 1 -1.814 1 1
77,SIPP_2^3,"4,33,0","18,7,0",1,380.512683,436,0.52997,51.7523,10.21018,20.42035,1 1 1 1 1 1 0 1 0 0 0 0 0 7 0 0 -13.576 0 1 0 -9.657 1 2 2 1 1 1 0 0 0 -13.433 2
77,SIPP_2^4,"4,33,0","18,7,0",1,380.512683,473,1.52328,67.28008,13.03002,26.06004,1 0 0 0 0 0 0 0 2 2 2 4 1 0 -5.953 4 -0.632 2 0 15 -10.276 2 4 4 1 2 2 -0.779 0 0 -14.435 4
77,SIPP_2^5,"4,33,0","18,7,0",1,380.512683,482,3.96573,26.66621,5.18939,10.37879,5 6 5 6 -1.762 8 -0.370 8 1 1 2 1 31 30 30 -3.540 0 0 -14.435 8
77,SIPP_BigCS,"4,33,10","18,7,0",1,380.41551799999996,2181,26.01699,13.60879,2.5348,0.4668,81 201 321 -2.486 204 204 204 204 204 380 -25.930 306
77,SIPP_Standard,"4,33,10","18,7,0",1,508.38994799999995,404,2.01763,25.15409,4.8857,0.7865,84 13 68 -13.418 33 -67.972 82
78,SIPP_2^2,"14,22,0","35,43,0",0,-1,0,0.0,0.0,0.0,0.0,
78,SIPP_2^3,"14,22,0","35,43,0",0,-1,0,0.0,0.0,0.0,0.0,
78,SIPP_2^4,"14,22,0","35,43,0",0,-1,0,0.0,0.0,0.0,0.0,
78,SIPP_2^5,"14,22,0","35,43,0",0,-1,0,0.0,0.0,0.0,0.0,
78,SIPP_BigCS,"14,22,0","35,43,0",0,-1,0,0.0,0.0,0.0,0.0,
78,SIPP_Standard,"14,22,12","35,43,13",0,-1,1,0.02598,0.0,0.0,0.0,
79,SIPP_2^2,"31,5,0","2,11,0",1,365.41316199999994,230,0.16587,84.85281,18.84956,37.69911,3 3 3 3 2 3 3 2 3 3 3 3 3 3 3 3 3 3 3 3 3 3 3 2 3 3 2 3 -15.413 3 3 2 3 3 2 3
79,SIPP_2^3,"31,5,0","2,11,0",1,351.18753699999996,287,0.3804,27.86693,5.49779,10.99557,6 6 6 6 5 5 5 6 6 -3.908 6 6 6 6 6 6 5 6 6 6 6 6 6 6 6 -21.618 7 6 5 -1.114 5 -1.411 5
79,SIPP_2^4,"31,5,0","2,11,0",1,349.74379999999996,301,1.00945,26.59226,5.27998,10.55995,12 12 11 11 10 12 13 12 12 12 12 12 12 11 12 11 12 12 12 -38.897 11 -0.180 11 12
79,SIPP_2^5,"31,5,0","2,11,0",1,303.72011899999995,71,0.66629,19.21842,3.82305,7.6461,23 22 23 25 23 24 24 23 24 23 24 23 24 24
79,SIPP_BigCS,"31,5,7","2,11,2",1,349.712529,1312,12.42495,26.48236,5.2462,1.6696,7 67 -6.558 171 15 347 -18.944 166 -1.349 203 203 -2.861 323
79,SIPP_Standard,"31,5,7","2,11,2",1,668.472689,397,1.22608,18.50268,3.5413,0.514,64 -38.602 40 86 3 19 -26.897 69 -16.974 30
80,SIPP_2^2,"20,37,0","12,10,0",1,384.267149,317,0.2336,77.78175,17.27876,34.55752,0 0 1 0 0 -6.023 0 0 0 0 -8.244 3 0 0 0 0 0 0 0 0 0 0 0 0 0 0 0 3 0 3 3 3 3 3 0 3 0 0 3
80,SIPP_2^3,"20,37,0","12,10,0",1,345.531643,246,0.33534,35.62951,7.06858,14.13717,0 0 0 0 0 -9.465 1 0 0 7 0 0 0 0 0 0 0 0 0 0 0 -7.072 0 0 7 7 7 6 7 6 6 7
80,SIPP_2^4,"20,37,0","12,10,0",1,336.367615,205,0.79074,19.69977,3.88903,7.77807,0 0 0 0 -9.843 1 -0.411 0 0 15 0 0 0 0 0 0 0 0 1 -1.305 15 14 14 13 13 13
80,SIPP_2^5,"20,37,0","12,10,0",1,336.10648199999997,210,2.01271,18.08308,3.60524,7.21048,0 0 0 0 -9.843 2 -0.411 0 0 30 0 0 0 0 0 0 0 1 0 28 28 28 26 26 26
80,SIPP_BigCS,"20,37,0","12,10,7",1,337.340323,773,10.50666,22.52564,4.3831,1.1801,-4.340 185 66 170 58 340 202 322 205 205 205
80,SIPP_Standard,"20,37,0","12,10,7",1,523.969272,416,1.75777,17.09763,3.3026,0.3896,68 -30.488 37 6 -33.180 82 -44.302 19
81,SIPP_2^2,"18,4,0","5,33,0",1,605.255736,1219,0.7819,91.92388,23.56194,47.12389,1 1 -12.267 3 -0.060 3 -11.808 2 -2.716 2 2 1 1 1 -47.154 2 -0.012 2 -0.012 2 2 2 2 2 2 2 2 2 2 3 2 2 2 2 2 2 2 3 3 3 3 3 3 3 3 2 3 3 -11.011 3 -0.034 2 -0.032 2 -0.033 3 -0.117 3 3 2 2 2 3 2
81,SIPP_2^3,"18,4,0","5,33,0",1,374.9937029999999,86,0.08895,42.49964,8.63938,17.27876,4 2 3 4 4 4 4 4 5 4 4 3 4 4 5 4 -0.435 5 5 5 5 5 5 5 5 5 5 5 5 5 5
81,SIPP_2^4,"18,4,0","5,33,0",1,371.50903199999993,135,0.37528,24.16334,4.85429,9.70857,4 7 8 8 8 7 8 8 8 8 9 9 8 10 10 10 10 10 10 10 10 10 10 10 11 10
81,SIPP_2^5,"18,4,0","5,33,0",1,368.11011699999995,126,0.85802,23.16715,4.68149,9.36298,8 15 16 15 17 16 16 17 16 20 20 21 20 20 20 20 20 20 20 20 20
81,SIPP_BigCS,"18,4,7","5,33,6",1,589.0690159999999,5631,68.45823,31.19302,6.1445,1.571,5 5 5 73 -48.036 168 -3.952 56 206 310 4 72 175 -19.724 381 -47.357 355 103
81,SIPP_Standard,"18,4,7","5,33,6",1,602.342984,76,0.41827,27.71287,5.349,0.8484,105 -60.614 40 70 51 -40.729 86 15
82,SIPP_2^2,"37,24,0","7,38,0",0,-1,0,0.0,0.0,0.0,0.0,
82,SIPP_2^3,"37,24,0","7,38,0",0,-1,0,0.0,0.0,0.0,0.0,
82,SIPP_2^4,"37,24,0","7,38,0",0,-1,0,0.0,0.0,0.0,0.0,
82,SIPP_2^5,"37,24,0","7,38,0",0,-1,0,0.0,0.0,0.0,0.0,
82,SIPP_BigCS,"37,24,0","7,38,0",0,-1,0,0.0,0.0,0.0,0.0,
82,SIPP_Standard,"37,24,2","7,38,12",0,-1,0,4e-05,0.0,0.0,0.0,
83,SIPP_2^2,"12,35,0","45,39,0",1,601.4912439999999,1379,1.02993,113.13708,25.13274,50.26548,2 3 3 0 1 1 0 0 0 0 0 1 1 0 1 1 1 1 1 1 1 1 1 1 1 1 1 1 2 2 2 1 2 2 2 1 2 1 1 1 1 1 1 1 1 1 1 1 1 1 -17.763 2 -33.728 2 1 1 2
83,SIPP_2^3,"12,35,0","45,39,0",1,387.98990399999997,156,0.19988,47.78312,9.42478,18.84956,3 2 3 3 3 3 3 3 2 3 2 2 2 3 2 2 2 2 2 2 2 2 2 1 1 2 2 1 1 2 2 2 1
83,SIPP_2^4,"12,35,0","45,39,0",1,344.16408,94,0.3066,13.92455,2.78189,5.56377,4 5 5 5 4 4 5 5 4 4 3 4 4 4 4 4 4 4 4 4 4 4 4 4 4 4 4
83,SIPP_2^5,"12,35,0","45,39,0",1,339.73666199999997,76,0.64677,4.79679,0.96525,1.9305,9 9 9 9 9 7 8 8 8 8 8 8 8 8 8 8 8 8 8 8 8
83,SIPP_BigCS,"12,35,5","45,39,3",1,346.0,316,3.99005,16.22372,3.1488,0.5943,160 85 207 383 361 5 5 5 57
83,SIPP_Standard,"12,35,5","45,39,3",1,953.09636,459,1.5912,45.6802,8.8224,1.4118,28 36 1 13 108 -31.096 38 11 35 80 5 97
84,SIPP_2^2,"16,36,0","47,30,0",0,-1,0,0.0,0.0,0.0,0.0,
84,SIPP_2^3,"16,36,0","47,30,0",0,-1,0,0.0,0.0,0.0,0.0,
84,SIPP_2^4,"16,36,0","47,30,0",0,-1,0,0.0,0.0,0.0,0.0,
84,SIPP_2^5,"16,36,0","47,30,0",0,-1,0,0.0,0.0,0.0,0.0,
84,SIPP_BigCS,"16,36,0","47,30,0",0,-1,0,0.0,0.0,0.0,0.0,
84,SIPP_Standard,"16,36,1","47,30,8",0,-1,61381,180.00026,0.0,0.0,0.0,
85,SIPP_2^2,"1,3,0","7,35,0",0,-1,0,0.0,0.0,0.0,0.0,
85,SIPP_2^3,"1,3,0","7,35,0",0,-1,0,0.0,0.0,0.0,0.0,
85,SIPP_2^4,"1,3,0","7,35,0",0,-1,0,0.0,0.0,0.0,0.0,
85,SIPP_2^5,"1,3,0","7,35,0",0,-1,0,0.0,0.0,0.0,0.0,
85,SIPP_BigCS,"1,3,0","7,35,0",0,-1,0,0.0,0.0,0.0,0.0,
85,SIPP_Standard,"1,3,3","7,35,14",0,-1,0,1e-05,0.0,0.0,0.0,
86,SIPP_2^2,"12,43,0","17,12,0",1,450.512683,628,0.42222,42.42641,9.42478,18.84956,0 0 0 0 0 -9.556 0 0 0 0 0 0 0 0 0 1 1 0 0 0 0 0 1 1 1 1 1 1 0 0 0 0 0 0 0 0 0 -18.265 0 -0.206 0 -0.049 3 3 3 -2.437 0
86,SIPP_2^3,"12,43,0","17,12,0",1,363.8477679999999,272,0.36692,43.65598,8.63938,17.27876,0 0 0 0 0 7 0 0 1 0 0 0 1 1 1 1 0 1 1 1 0 0 1 0 0 0 0 0 7 7 7
86,SIPP_2^4,"12,43,0","17,12,0",1,346.033208,210,0.8164,17.96125,3.56728,7.13457,0 0 0 0 15 1 1 0 0 1 1 1 1 1 1 1 0 0 14 14 14
86,SIPP_2^5,"12,43,0","17,12,0",1,342.343693,204,1.96687,11.70841,2.35619,4.71239,0 31 0 1 1 1 2 2 2 2 2 1 0 28 28 28
86,SIPP_BigCS,"12,43,10","17,12,12",1,352.0,1035,11.52906,17.34332,3.2725,0.9961,170 6 6 86 204 204 204 204 204 204 204 340 330
86,SIPP_Standard,"12,43,10","17,12,12",1,656.000924,1465,5.32433,30.341,5.8625,1.0415,-225.001 13 100 106 33 82
87,SIPP_2^2,"36,26,0","10,47,0",0,-1,0,0.0,0.0,0.0,0.0,
87,SIPP_2^3,"36,26,0","10,47,0",0,-1,0,0.0,0.0,0.0,0.0,
87,SIPP_2^4,"36,26,0","10,47,0",0,-1,0,0.0,0.0,0.0,0.0,
87,SIPP_2^5,"36,26,0","10,47,0",0,-1,0,0.0,0.0,0.0,0.0,
87,SIPP_BigCS,"36,26,0","10,47,0",0,-1,0,0.0,0.0,0.0,0.0,
87,SIPP_Standard,"36,26,3","10,47,13",0,-1,0,4e-05,0.0,0.0,0.0,
88,SIPP_2^2,"17,4,0","16,36,0",0,-1,0,0.0,0.0,0.0,0.0,
88,SIPP_2^3,"17,4,0","16,36,0",0,-1,0,0.0,0.0,0.0,0.0,
88,SIPP_2^4,"17,4,0","16,36,0",0,-1,0,0.0,0.0,0.0,0.0,
88,SIPP_2^5,"17,4,0","16,36,0",0,-1,0,0.0,0.0,0.0,0.0,
88,SIPP_BigCS,"17,4,0","16,36,0",0,-1,0,0.0,0.0,0.0,0.0,
88,SIPP_Standard,"17,4,14","16,36,6",0,-1,1,0.04406,0.0,0.0,0.0,
89,SIPP_2^2,"7,34,0","38,24,0",1,428.603999,396,0.26522,35.35534,7.85398,15.70796,1 0 0 0 0 0 1 1 1 1 1 1 1 1 1 1 1 1 1 1 1 1 1 1 1 1 1 1 1 1 1 1 1 1 1 0 0 -18.604 0 0 1 0
89,SIPP_2^3,"7,34,0","38,24,0",1,418.29948699999994,595,0.71521,40.11207,7.85398,15.70796,2 2 1 1 1 2 1 1 -3.556 2 -0.060 2 1 2 2 2 2 2 2 2 2 2 2 1 2 2 2 2 2 2 2 2 -51.546 1 0 0
89,SIPP_2^4,"7,34,0","38,24,0",1,417.313634,613,2.03946,36.53693,7.35238,14.70476,2 2 3 3 3 -8.901 4 3 3 3 4 4 3 3 3 3 4 4 -2.518 2 -1.578 4 4 4 4 6 8 10 12
89,SIPP_2^5,"7,34,0","38,24,0",1,417.03980799999994,623,5.31417,20.86983,4.0893,8.1786,5 5 6 -9.795 8 7 8 8 8 7 8 8 8 8 8 8 8 8 9 8 -46.282 1 0
89,SIPP_BigCS,"7,34,14","38,24,8",1,419.81539,3668,45.66212,28.66805,5.6365,1.7294,5 5 -3.159 69 -0.427 236 5 5 5 5 81 337 351 -52.230 161
89,SIPP_Standard,"7,34,14","38,24,8",1,575.561676,727,3.41567,25.75473,4.981,0.8483,28 32 -70.905 97 111 -1.657 37 6
90,SIPP_2^2,"33,8,0","9,33,0",0,-1,0,0.0,0.0,0.0,0.0,
90,SIPP_2^3,"33,8,0","9,33,0",0,-1,0,0.0,0.0,0.0,0.0,
90,SIPP_2^4,"33,8,0","9,33,0",0,-1,0,0.0,0.0,0.0,0.0,
90,SIPP_2^5,"33,8,0","9,33,0",0,-1,0,0.0,0.0,0.0,0.0,
90,SIPP_BigCS,"33,8,0","9,33,0",0,-1,0,0.0,0.0,0.0,0.0,
90,SIPP_Standard,"33,8,9","9,33,8",0,-1,0,3e-05,0.0,0.0,0.0,
91,SIPP_2^2,"10,22,0","41,39,0",1,518.720295,838,0.59601,70.71068,15.70796,31.41593,1 2 1 2 2 2 2 2 1 1 1 -8.595 1 1 1 1 1 1 1 1 1 1 1 1 1 1 -1.388 2 2 2 2 2 2 -3.093 2 2 1 2 2 1 1 1 1 1 1 1 2 -18.013 1 1 1 -7.632 1
91,SIPP_2^3,"10,22,0","41,39,0",1,443.077437,606,0.85827,53.41115,10.21018,20.42035,3 3 2 2 2 2 1 2 3 3 3 3 3 3 3 3 3 3 3 3 3 2 3 2 3 3 3 2 -40.214 2 -0.020 2 0 2
91,SIPP_2^4,"10,22,0","41,39,0",1,379.7933039999999,148,0.54158,25.30845,4.99618,9.99237,5 6 4 4 3 4 6 6 6 6 6 6 6 6 6 6 6 6 6 5 4 4 5 4 4 5
91,SIPP_2^5,"10,22,0","41,39,0",1,376.1037889999999,136,1.24648,16.88279,3.32145,6.64289,12 9 8 7 12 12 12 12 12 12 12 12 12 12 12 12 12 9 9 8 9
91,SIPP_BigCS,"10,22,8","41,39,10",1,378.0,263,2.95831,18.97921,3.7409,1.2354,100 164 345 100 100 100 100 100 100 100 100 100 100 100 100 160 85
91,SIPP_Standard,"10,22,8","41,39,10",1,580.511725,397,2.16373,17.85564,3.4594,0.4804,-138.409 105 -25.049 52 64 -9.053 48 111
92,SIPP_2^2,"39,15,0","4,10,0",1,467.001987,337,0.22968,84.85281,18.84956,37.69911,-1.983 1 0 0 0 3 3 3 3 3 3 0 3 0 3 3 3 3 0 3 3 3 3 3 3 3 3 2 2 3 3 3 3 3 3 3 3 3 3 3 3 -5.019 0 3 3 3 3 3
92,SIPP_2^3,"39,15,0","4,10,0",1,449.93362899999994,497,0.58058,56.49399,10.99557,21.99115,1 -1.143 0 -7.370 7 6 7 6 6 6 6 7 6 6 6 6 7 6 6 6 6 6 6 6 6 6 5 5 5 6 6 6 6 6 6 6 6 6 6 6 7 1
92,SIPP_2^4,"39,15,0","4,10,0",1,410.960621,218,0.66122,27.98155,5.60173,11.20346,2 -1.143 0 -7.370 14 12 13 12 13 13 12 12 12 12 12 11 11 12 12 12 12 12 12 12 12 12 12 12 12 12 12 12 12 13
92,SIPP_2^5,"39,15,0","4,10,0",1,406.53320299999996,200,1.53553,16.54359,3.32145,6.64289,4 -1.143 0 -7.370 28 25 25 25 24 24 23 23 24 24 24 24 24 24 24 24 24 24 24 24 24 24 24 25
92,SIPP_BigCS,"39,15,8","4,10,11",1,456.99625,3196,36.6696,23.85812,4.5776,1.4363,-34.074 70 205 205 365 31 347 -20.731 102 102 -0.595 166 -0.643 203 -0.954 203 203
92,SIPP_Standard,"39,15,8","4,10,11",1,463.476532,63,0.41815,26.07775,5.0429,0.8313,-34.477 14 109 43 93 11
93,SIPP_2^2,"38,26,0","3,38,0",1,470.0,462,0.28484,84.85281,18.84956,37.69911,2 3 3 3 3 3 3 3 3 3 3 2 3 3 3 3 3 2 3 3 3 3 3 3 3 3 3 3 2 2 2 2 3 3 2 2 2 3 2 3 3 3 3 3 3 3 2
93,SIPP_2^3,"38,26,0","3,38,0",1,447.76460199999997,525,0.61489,53.00448,10.21018,20.42035,5 6 6 6 6 6 6 6 6 6 6 6 6 6 6 6 5 5 6 6 6 6 6 5 6 -0.137 4 -4.634 5 4 4 4 -7.526 4 -0.022 4 -0.094 6 -0.500 5 6 6 6 6 6 6 6
93,SIPP_2^4,"38,26,0","3,38,0",1,437.84354299999995,570,1.74906,50.58887,10.03032,20.06065,10 11 12 11 12 11 11 11 12 11 -2.835 10 9 11 10 11 11 11 -21.799 0 -0.094 12 13 12 12 12 13
93,SIPP_2^5,"38,26,0","3,38,0",1,437.0082609999999,571,4.44604,32.70594,5.85462,11.70924,20 23 23 22 23 22 -1.067 22 -3.982 20 -1.175 19 -0.051 21 -0.599 22 -0.279 22 -18.786 0 -0.022 24 -0.094 24 -0.375 24 -0.265 25 25
93,SIPP_BigCS,"38,26,0","3,38,12",1,437.925932,2495,28.46073,21.84699,4.2876,1.0349,103 171 83 203 -0.818 203 323 -3.656 358 103 175 -23.452 205 309
93,SIPP_Standard,"38,26,0","3,38,12",1,713.5961699999999,162,0.53351,35.89865,6.9542,1.101,87 -51.492 24 -59.001 91 19 109 -4.104 43 85
94,SIPP_2^2,"11,19,0","42,5,0",1,527.830359,464,0.33112,56.56854,12.56637,25.13274,2 2 2 -17.830 1 0 0 0 0 0 0 1 0 0 0 0 0 0 0 0 0 1 1 1 1 1 1 1 1 1 1 1 1 1 1 1 1 1 1 1 1 1 0 1 1 1 1 1 1 1 1 0
94,SIPP_2^3,"11,19,0","42,5,0",1,402.90435299999996,140,0.18763,42.81768,8.63938,17.27876,2 -0.029 1 7 -6.210 1 -2.817 0 1 1 1 1 1 1 1 1 2 2 2 2 1 2 2 2 2 2 2 2 2 2 2 2 2 2 2 2 1
94,SIPP_2^4,"11,19,0","42,5,0",1,399.341441,123,0.42517,37.90489,7.67413,15.34826,4 -0.029 2 14 -6.210 2 -2.817 0 2 2 2 2 2 2 2 2 4 4 4 3 4 4 4 4 4 4 4 4 4 4 4 4 4 4 3
94,SIPP_2^5,"11,19,0","42,5,0",1,397.86563499999994,117,1.0331,35.81365,7.24844,14.49687,8 -0.029 4 28 -6.210 4 -2.817 0 4 4 4 4 4 4 4 4 8 8 8 7 8 8 8 8 8 8 8 8 8 8 8 8 7
94,SIPP_BigCS,"11,19,4","42,5,13",1,473.570824,251,1.91284,13.78857,2.6752,0.9137,4 4 4 4 4 68 -8.571 351 101 101 101 101 101 101 101 101 101 101 101 101 101 101 101 101 101 181 201
94,SIPP_Standard,"11,19,4","42,5,13",1,897.939603,221,0.67473,36.1623,6.9328,1.0438,16 110 -61.382 28 36 -1.229 9 49 100 -6.329 106 37 2
95,SIPP_2^2,"12,17,0","45,5,0",0,-1,0,0.0,0.0,0.0,0.0,
95,SIPP_2^3,"12,17,0","45,5,0",0,-1,0,0.0,0.0,0.0,0.0,
95,SIPP_2^4,"12,17,0","45,5,0",0,-1,0,0.0,0.0,0.0,0.0,
95,SIPP_2^5,"12,17,0","45,5,0",0,-1,0,0.0,0.0,0.0,0.0,
95,SIPP_BigCS,"12,17,0","45,5,0",0,-1,0,0.0,0.0,0.0,0.0,
95,SIPP_Standard,"12,17,4","45,5,0",0,-1,0,4e-05,0.0,0.0,0.0,
96,SIPP_2^2,"22,35,0","47,6,0",0,-1,0,0.0,0.0,0.0,0.0,
96,SIPP_2^3,"22,35,0","47,6,0",0,-1,0,0.0,0.0,0.0,0.0,
96,SIPP_2^4,"22,35,0","47,6,0",0,-1,0,0.0,0.0,0.0,0.0,
96,SIPP_2^5,"22,35,0","47,6,0",0,-1,0,0.0,0.0,0.0,0.0,
96,SIPP_BigCS,"22,35,0","47,6,0",0,-1,0,0.0,0.0,0.0,0.0,
96,SIPP_Standard,"22,35,3","47,6,15",0,-1,61918,180.02074,0.0,0.0,0.0,
97,SIPP_2^2,"39,42,0","7,27,0",0,-1,0,0.0,0.0,0.0,0.0,
97,SIPP_2^3,"39,42,0","7,27,0",0,-1,0,0.0,0.0,0.0,0.0,
97,SIPP_2^4,"39,42,0","7,27,0",0,-1,0,0.0,0.0,0.0,0.0,
97,SIPP_2^5,"39,42,0","7,27,0",0,-1,0,0.0,0.0,0.0,0.0,
97,SIPP_BigCS,"39,42,0","7,27,0",0,-1,0,0.0,0.0,0.0,0.0,
97,SIPP_Standard,"39,42,14","7,27,13",0,-1,1,0.04124,0.0,0.0,0.0,
98,SIPP_2^2,"4,5,0","34,22,0",1,471.115117,565,0.36436,98.99495,21.99115,43.9823,1 1 1 2 1 1 1 2 1 1 1 1 1 1 1 1 1 1 1 2 2 2 2 2 2 2 1 1 1 2 1 1 1 2 2 1 1 2 -1.115 2 2 1 1 1 1 2 2 1
98,SIPP_2^3,"4,5,0","34,22,0",1,447.016527,674,0.85609,53.17909,10.99557,21.99115,2 2 3 2 3 2 2 2 2 2 2 2 2 2 2 2 -3.650 3 3 3 3 3 3 3 3 4 4 4 4 3 4 4 3 2 1 1 1 -1.222 4 -0.012 4
98,SIPP_2^4,"4,5,0","34,22,0",1,381.377576,251,0.85351,23.87539,4.71239,9.42478,5 4 4 4 4 5 4 4 4 4 4 4 4 4 4 6 7 7 7 6 6 6 7 6 6 4 5
98,SIPP_2^5,"4,5,0","34,22,0",1,377.37465499999996,232,2.03756,13.63432,2.68213,5.36426,8 8 8 9 9 8 8 8 8 8 8 8 8 13 13 13 12 12 13 9
98,SIPP_BigCS,"4,5,3","34,22,5",1,378.0,1033,11.86678,14.03285,2.7242,0.6064,311 5 1 73 180 200 248 160
98,SIPP_Standard,"4,5,3","34,22,5",1,601.315668,398,1.92828,10.52997,2.0317,0.3064,-188.316 110 28 36 1 1
99,SIPP_2^2,"40,33,0","6,21,0",0,-1,0,0.0,0.0,0.0,0.0,
99,SIPP_2^3,"40,33,0","6,21,0",0,-1,0,0.0,0.0,0.0,0.0,
99,SIPP_2^4,"40,33,0","6,21,0",0,-1,0,0.0,0.0,0.0,0.0,
99,SIPP_2^5,"40,33,0","6,21,0",0,-1,0,0.0,0.0,0.0,0.0,
99,SIPP_BigCS,"40,33,0","6,21,0",0,-1,0,0.0,0.0,0.0,0.0,
99,SIPP_Standard,"40,33,9","6,21,3",0,-1,64,0.10695,0.0,0.0,0.0,
100,SIPP_2^2,"12,40,0","43,19,0",1,528.6039989999999,960,0.61607,162.63456,36.12832,72.25663,1 1 1 1 1 1 1 1 1 1 1 1 1 1 1 -4.029 1 0 1 1 1 1 0 1 0 1 0 1 0 0 1 0 0 0 0 1 0 0 0 -4.575 0 1 0 1 0 1 1 0 0 1 0 0 1 0
100,SIPP_2^3,"12,40,0","43,19,0",1,436.9848559999999,412,0.50689,48.01139,9.42478,18.84956,1 2 2 2 1 2 2 2 2 2 1 1 1 1 0 0 0 1 0 1 1 1 1 1 1 1 1 1 1 1 1 2 3 2 3
100,SIPP_2^4,"12,40,0","43,19,0",1,430.87531199999995,462,1.48869,22.03206,4.39064,8.78128,3 4 3 3 3 3 2 1 1 1 1 1 1 2 2 -0.569 4 -4.097 3 3 -4.230 3 4 5 6
100,SIPP_2^5,"12,40,0","43,19,0",1,430.428009,465,3.78311,19.23457,3.79845,7.5969,6 7 6 6 6 4 2 2 3 2 2 3 -2.201 8 -4.097 6 6 -4.230 6 8 11
100,SIPP_BigCS,"12,40,15","43,19,6",1,431.0,1728,22.45252,33.38057,6.6288,1.8205,305 65 101 101 101 161 74 177 332 65 133
100,SIPP_Standard,"12,40,15","43,19,6",1,501.0,190,0.91268,23.50684,4.5299,0.5874,21 36 13 92 18 76
101,SIPP_2^2,"45,44,0","9,27,0",1,544.603999,685,0.43841,77.78175,17.27876,34.55752,0 0 -2.644 0 0 0 3 3 3 0 0 0 3 0 0 0 0 0 3 0 0 -11.960 3 3 3 3 3 3 3 3 3 3 3 3 3 3 3 3 3 3 3 3 3 3 3 0 3 3 3 3 3 3 3 0 3
101,SIPP_2^3,"45,44,0","9,27,0",1,475.64014699999996,564,0.67986,44.01875,8.63938,17.27876,6 6 5 -12.453 6 -0.370 6 -0.093 6 -0.020 6 6 6 6 -0.029 6 -0.033 6 -0.117 6 -0.395 6 6 6 6 6 6 6 6 7 7 7 7 7 7 7 0 6 7 7 7 7 7 0 7 0 0 7
101,SIPP_2^4,"45,44,0","9,27,0",1,467.221231,532,1.70992,27.28231,5.45983,10.91966,0 0 -3.417 14 14 14 14 14 13 12 12 12 12 12 12 12 12 12 12 12 11 11 12 12 12 13 12 13 14 14 14 14 15 0 15
101,SIPP_2^5,"45,44,0","9,27,0",1,462.63710999999995,480,3.78085,20.61184,4.10684,8.21369,0 0 -3.417 28 28 28 28 27 24 24 24 24 24 24 24 24 24 23 23 24 25 25 24 28 28 28 29 31
101,SIPP_BigCS,"45,44,11","9,27,12",1,469.282303,2532,30.62862,22.63143,4.3972,0.7315,-2.282 90 130 7 7 7 7 7 31 315 205 357 170 6
101,SIPP_Standard,"45,44,11","9,27,12",1,515.047468,149,0.66524,14.73319,2.7363,0.381,-2.614 10 30 50 61 109 -19.434 55
102,SIPP_2^2,"39,44,0","9,19,0",0,-1,0,0.0,0.0,0.0,0.0,
102,SIPP_2^3,"39,44,0","9,19,0",0,-1,0,0.0,0.0,0.0,0.0,
102,SIPP_2^4,"39,44,0","9,19,0",0,-1,0,0.0,0.0,0.0,0.0,
102,SIPP_2^5,"39,44,0","9,19,0",0,-1,0,0.0,0.0,0.0,0.0,
102,SIPP_BigCS,"39,44,0","9,19,0",0,-1,0,0.0,0.0,0.0,0.0,
102,SIPP_Standard,"39,44,4","9,19,3",0,-1,1,0.03695,0.0,0.0,0.0,
103,SIPP_2^2,"41,23,0","6,10,0",1,580.800637,1124,0.72919,42.42641,9.42478,18.84956,3 0 0 0 0 0 0 0 0 0 0 0 0 0 0 3 3 3 3 3 3 3 3 -30.100 2 -13.612 2 -0.918 3 3 3 3 3 3 3 3 3 3 3 3 0 -15.882 3 -0.288 3 3 3 3 3 3 3 3 3 3 3 3 3
103,SIPP_2^3,"41,23,0","6,10,0",1,449.90789099999995,328,0.40081,52.33487,10.21018,20.42035,7 7 5 5 6 6 6 6 6 6 6 6 6 6 1 -9.492 7 7 7 7 7 7 7 7 7 7 6 6 7 6 6 6 6 6 6 7 6 6
103,SIPP_2^4,"41,23,0","6,10,0",1,444.56764599999997,406,1.33177,50.84729,9.20697,18.41394,14 14 12 12 12 12 12 11 12 12 11 12 -3.489 2 -9.565 14 14 14 14 14 14 14 14 13 12 12 13 12 12 13 -0.792 13 -0.994 12 12
103,SIPP_2^5,"41,23,0","6,10,0",1,443.974742,428,3.69947,25.43001,5.03414,10.06828,28 28 24 24 24 24 24 23 23 24 24 24 24 24 28 31 31 0 28 28 26 26 26 26 -4.970 24 24 22
103,SIPP_BigCS,"41,23,11","6,10,9",1,444.51591699999994,1180,13.74387,28.27785,5.4864,1.6973,186 7 83 203 347 102 102 102 -7.456 162 -0.315 79 202 202 202 -1.744 330 7
103,SIPP_Standard,"41,23,11","6,10,9",1,584.4224709999999,444,1.5071,9.24074,1.6513,0.2263,58 -138.574 82 3 -27.436 3 -0.413 19
104,SIPP_2^2,"1,14,0","34,38,0",0,-1,0,0.0,0.0,0.0,0.0,
104,SIPP_2^3,"1,14,0","34,38,0",0,-1,0,0.0,0.0,0.0,0.0,
104,SIPP_2^4,"1,14,0","34,38,0",0,-1,0,0.0,0.0,0.0,0.0,
104,SIPP_2^5,"1,14,0","34,38,0",0,-1,0,0.0,0.0,0.0,0.0,
104,SIPP_BigCS,"1,14,0","34,38,0",0,-1,0,0.0,0.0,0.0,0.0,
104,SIPP_Standard,"1,14,15","34,38,4",0,-1,0,1e-05,0.0,0.0,0.0,
105,SIPP_2^2,"40,10,0","6,32,0",0,-1,0,0.0,0.0,0.0,0.0,
105,SIPP_2^3,"40,10,0","6,32,0",0,-1,0,0.0,0.0,0.0,0.0,
105,SIPP_2^4,"40,10,0","6,32,0",0,-1,0,0.0,0.0,0.0,0.0,
105,SIPP_2^5,"40,10,0","6,32,0",0,-1,0,0.0,0.0,0.0,0.0,
105,SIPP_BigCS,"40,10,0","6,32,0",0,-1,0,0.0,0.0,0.0,0.0,
105,SIPP_Standard,"40,10,11","6,32,6",0,-1,0,3e-05,0.0,0.0,0.0,
106,SIPP_2^2,"13,21,0","45,44,0",0,-1,0,0.0,0.0,0.0,0.0,
106,SIPP_2^3,"13,21,0","45,44,0",0,-1,0,0.0,0.0,0.0,0.0,
106,SIPP_2^4,"13,21,0","45,44,0",0,-1,0,0.0,0.0,0.0,0.0,
106,SIPP_2^5,"13,21,0","45,44,0",0,-1,0,0.0,0.0,0.0,0.0,
106,SIPP_BigCS,"13,21,0","45,44,0",0,-1,0,0.0,0.0,0.0,0.0,
106,SIPP_Standard,"13,21,2","45,44,4",0,-1,12,0.04574,0.0,0.0,0.0,
107,SIPP_2^2,"8,28,0","44,15,0",1,534.327556,680,0.44617,155.56349,34.55752,69.11504,1 1 2 1 1 1 1 1 -24.267 1 -0.060 1 0 1 1 1 1 1 1 1 0 0 1 0 1 1 1 0 0 0 1 1 1 0 1 1 1 1 1 0 1 1 1 0 1 0 1 0 1 1 0 0 1
107,SIPP_2^3,"8,28,0","44,15,0",1,452.3174599999999,330,0.4326,74.88627,14.92257,29.84513,2 2 2 2 -3.963 2 2 3 -26.162 2 -0.060 2 1 2 2 2 1 2 2 1 1 1 2 1 2 1 1 1 1 2 2 1 2 1 2 2 1 2 1
107,SIPP_2^4,"8,28,0","44,15,0",1,439.09385599999996,231,0.78295,22.7099,4.53254,9.06507,4 4 4 4 -3.963 4 5 -27.944 4 3 3 3 4 4 3 2 2 3 2 3 -2.202 3 3 -4.230 3 3 4 3
107,SIPP_2^5,"8,28,0","44,15,0",1,438.35595299999994,230,1.95402,12.27463,2.46014,4.92027,8 8 8 8 -3.963 8 10 -27.944 8 6 7 7 4 5 5 -1.066 6 -3.507 6 6 -4.230 6 6 7
107,SIPP_BigCS,"8,28,5","44,15,9",1,441.36354299999994,853,10.65529,23.40352,4.598,1.1802,345 -25.637 164 305 81 -2.363 217 101 -2.364 141
107,SIPP_Standard,"8,28,5","44,15,9",1,455.27052,48,0.23474,13.99648,2.7359,0.4213,-48.503 1 9 53 65 -2.767 41
108,SIPP_2^2,"25,8,0","15,45,0",1,528.11169,709,0.51096,63.63961,14.13717,28.27433,3 3 3 3 3 2 2 2 2 2 2 2 2 2 2 2 2 2 2 2 -53.057 2 -3.594 2 2 2 2 2 2 2 2 2 2 3 2 3 2 2 2 2 2 2 3 2 3 -0.461 3 2 -1.000 2 2
108,SIPP_2^3,"25,8,0","15,45,0",1,517.851905,1146,1.32208,51.8012,10.21018,20.42035,3 3 5 5 5 5 5 5 5 5 4 4 4 5 4 4 5 5 5 4 5 5 5 4 4 4 4 4 4 4 4 4 4 4 4 -20.095 5 4 2 -12.198 2 2 -1.000 2
108,SIPP_2^4,"25,8,0","15,45,0",1,517.851905,1269,3.93247,60.31353,11.13747,22.27494,6 6 10 10 10 10 10 9 9 9 10 10 9 9 9 9 10 8 8 8 -5.061 8 -0.022 8 -0.094 8 9 9 -23.540 7 8 4 8 3 -1.747 4
108,SIPP_2^5,"25,8,0","15,45,0",1,517.851905,1286,9.98418,35.55962,7.06858,14.13717,12 12 20 20 19 19 19 19 19 19 17 15 16 -0.795 18 20 -11.948 19 -0.323 15 8 8 6 -2.097 8
108,SIPP_BigCS,"25,8,1","15,45,7",1,517.851905,6376,78.84285,40.57794,8.0221,2.1294,-2.312 132 179 358 103 103 167 336 -2.406 326 -10.234 331 -11.772 8 -1.127 5
108,SIPP_Standard,"25,8,1","15,45,7",1,944.287531,1929,6.66139,47.88558,9.1977,1.4533,32 105 40 -100.230 78 107 38 -13.058 11 39 4 88
109,SIPP_2^2,"3,4,0","27,38,0",1,580.0,861,0.53159,141.42136,31.41593,62.83185,1 1 1 1 2 2 2 2 2 1 2 1 2 2 2 2 2 2 2 2 2 2 2 1 1 1 2 2 2 1 1 1 1 1 1 2 1 2 2 1 2 2 2 2 2 2 2 1 1 1 2 2 1 2 1 1 2 1
109,SIPP_2^3,"3,4,0","27,38,0",1,453.5533999999999,328,0.38664,31.77796,6.28319,12.56637,3 4 4 4 3 3 3 3 3 3 4 4 4 4 3 3 3 3 3 2 3 3 3 3 3 3 3 3 3 3 3 3 4 4 5
109,SIPP_2^4,"3,4,0","27,38,0",1,444.41013599999997,324,1.03869,25.75786,5.0721,10.14419,6 6 7 7 7 7 6 8 8 8 6 6 6 6 6 5 -1.032 5 6 7 7 6 6 6 6 6 7 10
109,SIPP_2^5,"3,4,0","27,38,0",1,440.909482,312,2.58959,18.54768,3.5877,7.1754,13 13 13 15 16 16 12 12 10 11 11 13 13 13 13 20
109,SIPP_BigCS,"3,4,1","27,38,2",1,442.597022,1402,17.27363,22.55041,4.4452,1.0925,200 216 168 20 207 359 100 152 -2.597 344
109,SIPP_Standard,"3,4,1","27,38,2",1,597.0739389999999,450,2.13495,21.93466,4.2073,0.583,36 -88.814 21 44 16 110 -8.260 28
110,SIPP_2^2,"3,6,0","38,18,0",1,470.0,470,0.28868,113.13708,25.13274,50.26548,1 1 1 1 1 1 1 1 2 1 1 1 1 1 1 1 1 1 1 2 2 1 2 1 1 1 2 2 1 1 1 1 1 1 2 1 1 1 1 2 1 2 2 1 2 2 1
110,SIPP_2^3,"3,6,0","38,18,0",1,417.6224889999999,344,0.39506,27.77771,5.49779,10.99557,2 2 2 2 2 3 2 2 2 2 2 2 2 2 2 2 2 2 2 2 2 2 -2.271 2 2 2 2 3 3 3 3 3 3 4 -3.930 3 3 4 3
110,SIPP_2^4,"3,6,0","38,18,0",1,415.8410329999999,360,1.11163,15.02693,2.9997,5.99939,4 4 4 4 5 4 4 4 4 4 4 4 4 4 4 4 4 4 4 4 4 -4.052 4 4 4 4 6 6 6 6 6 7 -5.712 6 7 6
110,SIPP_2^5,"3,6,0","38,18,0",1,415.39372999999995,366,2.9106,13.39341,2.66459,5.32917,8 8 8 8 8 8 9 8 8 8 8 8 8 8 8 8 8 7 9 10 12 12 13 12 -9.485 12 13
110,SIPP_BigCS,"3,6,14","38,18,9",1,425.27377299999995,2098,22.7564,20.75199,4.1188,1.12,367 5 5 5 5 5 5 5 -0.690 61 100 100 -20.510 164 345 -2.073 152
110,SIPP_Standard,"3,6,14","38,18,9",1,500.254487,180,0.87651,24.30172,4.7064,0.7104,48 111 45 1 25 -4.254 104
111,SIPP_2^2,"6,45,0","26,8,0",0,-1,0,0.0,0.0,0.0,0.0,
111,SIPP_2^3,"6,45,0","26,8,0",0,-1,0,0.0,0.0,0.0,0.0,
111,SIPP_2^4,"6,45,0","26,8,0",0,-1,0,0.0,0.0,0.0,0.0,
111,SIPP_2^5,"6,45,0","26,8,0",0,-1,0,0.0,0.0,0.0,0.0,
111,SIPP_BigCS,"6,45,0","26,8,0",0,-1,0,0.0,0.0,0.0,0.0,
111,SIPP_Standard,"6,45,2","26,8,4",0,-1,1,0.02806,0.0,0.0,0.0,
112,SIPP_2^2,"4,8,0","43,26,0",1,590.0,1027,0.64638,84.85281,18.84956,37.69911,1 1 1 1 1 1 1 1 1 1 1 1 1 1 0 1 1 1 2 2 2 2 2 2 1 1 1 1 1 1 1 1 1 1 1 1 1 1 2 1 2 2 2 2 2 2 2 2 2 1 2 2 1 1 2 1 1 1 1
112,SIPP_2^3,"4,8,0","43,26,0",1,502.0400639999999,533,0.63318,68.32102,13.35177,26.70354,3 3 3 2 -2.334 3 4 3 4 3 4 4 4 4 3 2 2 3 2 2 2 2 2 2 3 2 2 2 2 2 2 2 2 2 3 3 2 3 2 2 2 2 2 2 2 2
112,SIPP_2^4,"4,8,0","43,26,0",1,487.36689599999994,445,1.40928,15.87405,3.14159,6.28319,4 4 4 4 4 4 4 4 4 4 4 4 4 4 4 3 6 7 7 7 7 6 6 6 6 6 6 6 6 6 6 4 4 4 4 4 4 4
112,SIPP_2^5,"4,8,0","43,26,0",1,483.401319,425,3.45667,20.67283,4.11103,8.22206,8 8 8 8 8 8 8 8 8 8 8 8 7 8 8 12 13 13 13 12 12 12 8 8 8 8 8 8 13 12 12 -0.343 10
112,SIPP_BigCS,"4,8,13","43,26,10",1,485.0,1548,16.40762,14.2713,2.7234,0.3748,361 5 5 5 5 5 5 5 5 49 200 200 216 128 5 5 5 5
112,SIPP_Standard,"4,8,13","43,26,10",1,681.618939,773,3.05561,19.92909,3.8676,0.6173,103 89 -98.949 17 71 28 -74.670 40
113,SIPP_2^2,"31,37,0","3,1,0",0,-1,0,0.0,0.0,0.0,0.0,
113,SIPP_2^3,"31,37,0","3,1,0",0,-1,0,0.0,0.0,0.0,0.0,
113,SIPP_2^4,"31,37,0","3,1,0",0,-1,0,0.0,0.0,0.0,0.0,
113,SIPP_2^5,"31,37,0","3,1,0",0,-1,0,0.0,0.0,0.0,0.0,
113,SIPP_BigCS,"31,37,0","3,1,0",0,-1,0,0.0,0.0,0.0,0.0,
113,SIPP_Standard,"31,37,12","3,1,0",0,-1,63158,180.00269,0.0,0.0,0.0,
114,SIPP_2^2,"47,30,0","7,40,0",0,-1,0,0.0,0.0,0.0,0.0,
114,SIPP_2^3,"47,30,0","7,40,0",0,-1,0,0.0,0.0,0.0,0.0,
114,SIPP_2^4,"47,30,0","7,40,0",0,-1,0,0.0,0.0,0.0,0.0,
114,SIPP_2^5,"47,30,0","7,40,0",0,-1,0,0.0,0.0,0.0,0.0,
114,SIPP_BigCS,"47,30,0","7,40,0",0,-1,0,0.0,0.0,0.0,0.0,
114,SIPP_Standard,"47,30,3","7,40,11",0,-1,0,1e-05,0.0,0.0,0.0,
115,SIPP_2^2,"6,39,0","40,12,0",1,610.0,1080,0.72305,127.27922,28.27433,56.54867,0 0 0 1 1 0 0 0 1 1 1 1 0 0 0 1 0 1 1 1 1 1 1 1 1 1 1 1 1 1 1 1 1 1 1 1 0 0 0 1 1 1 0 0 1 0 0 0 1 0 0 0 0 1 1 0 1 0 0 0 0
115,SIPP_2^3,"6,39,0","40,12,0",1,463.55339999999984,304,0.39989,32.00296,6.28319,12.56637,1 1 1 1 1 1 0 1 1 1 1 1 1 1 1 1 1 2 2 2 2 2 2 2 1 1 2 2 1 1 1 1 1 1 0 1
115,SIPP_2^4,"6,39,0","40,12,0",1,451.0832079999999,222,0.82132,20.85445,4.1448,8.2896,2 2 2 2 2 2 1 2 2 4 4 4 4 3 3 2 2 3 2 2 3 3 2 2 2 2 2 1 2
115,SIPP_2^5,"6,39,0","40,12,0",1,447.08028699999994,189,1.83267,12.91509,2.55777,5.11555,3 4 4 4 4 4 4 4 8 7 7 7 4 4 5 5 4 4 4 4 3 4
115,SIPP_BigCS,"6,39,12","40,12,1",1,447.0,571,7.14443,11.54863,2.2301,0.3563,252 101 101 101 101 101 169 81 217 101 101 101 101 125
115,SIPP_Standard,"6,39,12","40,12,1",1,510.0,312,1.55471,23.68098,4.4825,0.7509,26 73 60 68 41 103
116,SIPP_2^2,"2,21,0","41,40,0",0,-1,0,0.0,0.0,0.0,0.0,
116,SIPP_2^3,"2,21,0","41,40,0",0,-1,0,0.0,0.0,0.0,0.0,
116,SIPP_2^4,"2,21,0","41,40,0",0,-1,0,0.0,0.0,0.0,0.0,
116,SIPP_2^5,"2,21,0","41,40,0",0,-1,0,0.0,0.0,0.0,0.0,
116,SIPP_BigCS,"2,21,0","41,40,0",0,-1,0,0.0,0.0,0.0,0.0,
116,SIPP_Standard,"2,21,15","41,40,13",0,-1,0,1e-05,0.0,0.0,0.0,
117,SIPP_2^2,"36,42,0","3,10,0",1,650.0,1312,0.83973,77.78175,17.27876,34.55752,0 0 0 0 0 0 0 0 0 0 0 0 0 0 0 0 0 0 0 0 0 0 3 3 3 3 3 3 3 3 3 3 0 3 3 0 3 3 3 3 0 0 0 0 0 3 3 3 3 3 3 3 3 3 3 3 3 3 3 3 0 3 0 0 3
117,SIPP_2^3,"36,42,0","3,10,0",1,490.78084999999993,354,0.44914,31.69462,6.28319,12.56637,7 7 7 6 7 7 7 7 7 7 7 7 7 7 7 7 7 0 0 7 7 7 7 7 7 0 0 7 7 7 7 -4.801 7 6 6 6 6 7
117,SIPP_2^4,"36,42,0","3,10,0",1,481.1489359999999,321,1.09285,20.19079,4.0029,8.00581,14 14 13 14 14 14 14 14 14 14 14 14 14 14 14 14 15 14 14 15 14 14 15 15 14 15 14 12 12 12 12 12
117,SIPP_2^5,"36,42,0","3,10,0",1,479.35972399999997,318,2.62896,14.41774,2.86198,5.72397,28 27 28 28 28 28 28 28 28 28 28 28 29 28 28 28 29 28 28 30 29 30 28 24 24 24 24 24
117,SIPP_BigCS,"36,42,2","3,10,4",1,479.0,1394,15.54948,15.7371,3.0383,0.7682,253 102 102 102 102 102 102 102 102 102 102 182 322 325 202 202 202 330 7 7 7 7
117,SIPP_Standard,"36,42,2","3,10,4",1,517.883714,206,0.73505,15.19115,2.9197,0.2914,50 77 74 -3.982 69 -5.960 54 -37.942 74
118,SIPP_2^2,"6,11,0","42,34,0",1,590.0,999,0.60301,98.99495,21.99115,43.9823,2 2 2 2 2 2 2 2 2 2 1 1 1 1 1 1 2 2 1 1 1 1 1 1 2 1 1 1 1 1 1 1 1 2 2 1 2 2 1 1 1 1 1 1 1 1 2 1 1 1 1 2 1 1 1 2 2 2 2
118,SIPP_2^3,"6,11,0","42,34,0",1,575.451547,1306,1.49881,52.63498,10.21018,20.42035,4 4 4 4 4 4 4 3 3 3 3 2 3 3 3 3 3 3 3 3 2 2 2 2 2 2 3 3 3 3 3 3 2 2 2 3 2 3 -18.162 2 -0.012 2 -0.014 2 1 1 1 -7.852 7
118,SIPP_2^4,"6,11,0","42,34,0",1,497.39787199999995,659,2.04144,38.87503,7.71208,15.42417,4 4 4 4 4 4 4 5 4 5 6 6 8 7 6 6 6 6 5 6 6 6 5 6 6 6 6 8 8 8 8 -1.599 4 -0.394 4 -5.462 4 -0.033 4 -0.117 4 2
118,SIPP_2^5,"6,11,0","42,34,0",1,497.39787199999995,693,5.55046,29.31668,5.89258,11.78516,8 8 8 8 8 8 9 9 12 12 16 12 12 12 12 12 12 11 12 12 12 12 12 12 12 14 -0.725 16 -12.731 16 -0.394 8 -5.462 8 -0.033 8 -0.117 8 4
118,SIPP_BigCS,"6,11,7","42,34,11",1,496.97953699999994,3049,37.23991,20.25309,3.8858,0.9262,360 68 207 255 100 100 124 207 207 207 367 5 5 5 -0.980 69
118,SIPP_Standard,"6,11,7","42,34,11",1,632.48941,561,2.58463,22.06735,4.1117,0.5607,-1.486 84 -92.875 25 72 -25.712 63 79 -2.416 88
119,SIPP_2^2,"36,14,0","1,43,0",0,-1,0,0.0,0.0,0.0,0.0,
119,SIPP_2^3,"36,14,0","1,43,0",0,-1,0,0.0,0.0,0.0,0.0,
119,SIPP_2^4,"36,14,0","1,43,0",0,-1,0,0.0,0.0,0.0,0.0,
119,SIPP_2^5,"36,14,0","1,43,0",0,-1,0,0.0,0.0,0.0,0.0,
119,SIPP_BigCS,"36,14,0","1,43,0",0,-1,0,0.0,0.0,0.0,0.0,
119,SIPP_Standard,"36,14,13","1,43,9",0,-1,0,4e-05,0.0,0.0,0.0,
120,SIPP_2^2,"22,46,0","6,7,0",1,650.8006369999999,1662,1.09598,84.85281,18.84956,37.69911,0 0 0 0 0 0 0 0 0 0 0 1 1 0 0 0 0 0 0 0 0 0 -19.004 0 0 0 0 0 0 0 0 0 0 0 3 3 3 0 3 3 0 3 3 -12.556 3 -0.410 3 -0.106 0 -0.013 3 3 0 -0.034 3 -0.375 3 3 3 3 3 3 -27.837 0 -0.178 0 -0.288 0 0
120,SIPP_2^3,"22,46,0","6,7,0",1,472.8427199999999,287,0.39616,59.47805,11.78097,23.56195,0 1 1 0 0 0 0 0 0 0 0 0 0 0 7 7 7 7 0 7 7 7 0 7 0 7 7 7 7 0 7 7 0 0 7 7 7 0 7
120,SIPP_2^4,"22,46,0","6,7,0",1,459.544207,227,0.85356,26.23973,5.21399,10.42799,0 1 0 0 0 1 0 0 0 0 0 0 14 15 15 14 15 15 14 -0.440 13 14 14 14 15 15 15 15 14 14
120,SIPP_2^5,"22,46,0","6,7,0",1,458.80895,233,2.18611,25.18055,5.00324,10.00648,1 0 1 0 0 0 0 0 0 -0.195 31 29 28 29 28 -1.284 30 24 28 28 29 30 30 30 28 28
120,SIPP_BigCS,"22,46,13","6,7,2",1,458.338348,716,8.69036,16.66853,3.2154,0.5942,204 364 6 6 6 6 66 182 -2.338 370 325 202 202 218
120,SIPP_Standard,"22,46,13","6,7,2",1,496.840499,177,0.78523,16.93208,3.1392,0.3931,49 108 50 77 58 -7.840 90
121,SIPP_2^2,"40,42,0","9,3,0",0,-1,0,0.0,0.0,0.0,0.0,
121,SIPP_2^3,"40,42,0","9,3,0",0,-1,0,0.0,0.0,0.0,0.0,
121,SIPP_2^4,"40,42,0","9,3,0",0,-1,0,0.0,0.0,0.0,0.0,
121,SIPP_2^5,"40,42,0","9,3,0",0,-1,0,0.0,0.0,0.0,0.0,
121,SIPP_BigCS,"40,42,0","9,3,0",0,-1,0,0.0,0.0,0.0,0.0,
121,SIPP_Standard,"40,42,1","9,3,8",0,-1,1,0.03223,0.0,0.0,0.0,
122,SIPP_2^2,"6,2,0","40,36,0",1,703.742974,1643,0.96621,155.56349,34.55752,69.11504,2 2 2 2 1 2 1 1 1 1 1 1 1 1 1 1 1 1 1 1 1 1 1 2 2 2 2 2 1 1 1 1 2 2 2 1 2 2 2 2 1 2 1 1 1 1 1 1 2 2 1 2 1 2 2 2 1 2 -3.743 2 2 2 2 2 3 2 2 1 1 2 2
122,SIPP_2^3,"6,2,0","40,36,0",1,547.254756,629,0.71764,64.06058,12.56637,25.13274,3 3 3 3 2 3 2 2 2 2 2 2 2 2 2 3 4 3 3 3 3 4 3 3 4 4 3 3 3 4 4 3 3 3 3 3 3 4 4 4 4 4 -1.986 3 2 3
122,SIPP_2^4,"6,2,0","40,36,0",1,543.3781599999999,691,2.15225,33.03774,6.56698,13.13396,8 8 8 8 7 7 8 7 8 8 8 7 6 5 6 6 6 5 6 6 6 6 6 6 6 6 6 6 6 5 4 4 5 4 4 3 4
122,SIPP_2^5,"6,2,0","40,36,0",1,534.0726789999999,609,4.99769,14.7515,2.93084,5.86168,15 15 15 16 16 15 16 16 12 12 12 12 11 11 12 12 12 12 12 12 12 12 12 9 8 8 8 8 8 8 8 8
122,SIPP_BigCS,"6,2,14","40,36,15",1,533.0,2765,34.50124,16.56062,3.2034,0.4464,28 200 304 20 255 100 100 100 100 100 100 100 128 5 5 5 5 5 5
122,SIPP_Standard,"6,2,14","40,36,15",1,828.927648,2891,11.16596,26.33404,5.0654,0.7003,4 88 12 -16.223 79 -115.205 64 -69.712 32 -38.788 89
123,SIPP_2^2,"42,2,0","3,24,0",1,610.0,924,0.55173,162.63456,36.12832,72.25663,3 3 2 2 2 2 3 2 3 3 3 3 3 3 2 3 3 3 3 2 3 3 3 3 3 3 3 3 3 3 3 3 3 3 3 3 3 3 3 2 2 3 2 3 2 3 2 2 3 2 2 3 2 2 2 3 2 2 3 2 2
123,SIPP_2^3,"42,2,0","3,24,0",1,506.227045,476,0.53739,43.18107,8.63938,17.27876,4 4 5 5 5 5 6 6 6 6 6 6 6 6 6 6 6 6 6 5 5 6 6 6 6 5 5 5 6 5 5 5 5 5 5 6 6 -1.381 6 -0.288 4 4 5 5 5
123,SIPP_2^4,"42,2,0","3,24,0",1,501.9743629999999,521,1.63652,30.89184,5.96144,11.92287,9 9 10 -0.601 10 12 12 12 12 12 12 12 12 12 12 12 12 11 11 11 12 11 11 11 11 11 11 10 -2.269 10 8 6 10 10 10
123,SIPP_2^5,"42,2,0","3,24,0",1,500.7146839999999,519,4.31067,29.39668,5.802,11.60399,19 18 -1.048 20 24 24 24 24 24 24 23 24 23 23 23 23 23 23 22 22 -2.836 17 12 20 20 20
123,SIPP_BigCS,"42,2,8","3,24,9",1,505.032339,2974,38.64611,23.48391,4.4757,0.9471,206 206 326 363 7 7 7 7 31 203 203 307 -6.414 11 -0.619 72 103 103
123,SIPP_Standard,"42,2,8","3,24,9",1,593.449993,971,4.38626,21.53537,3.9737,0.6409,-43.961 59 -5.981 67 43 101 -15.667 75 -17.842 94
124,SIPP_2^2,"45,21,0","2,41,0",0,-1,0,0.0,0.0,0.0,0.0,
124,SIPP_2^3,"45,21,0","2,41,0",0,-1,0,0.0,0.0,0.0,0.0,
124,SIPP_2^4,"45,21,0","2,41,0",0,-1,0,0.0,0.0,0.0,0.0,
124,SIPP_2^5,"45,21,0","2,41,0",0,-1,0,0.0,0.0,0.0,0.0,
124,SIPP_BigCS,"45,21,0","2,41,0",0,-1,0,0.0,0.0,0.0,0.0,
124,SIPP_Standard,"45,21,12","2,41,5",0,-1,0,1e-05,0.0,0.0,0.0,
125,SIPP_2^2,"45,3,0","11,39,0",1,709.094011,1265,0.75173,106.06602,23.56194,47.12389,2 2 3 3 2 2 3 2 2 2 2 2 2 2 2 2 2 2 2 2 2 2 2 2 2 2 2 2 2 2 2 2 2 2 3 3 3 3 3 3 3 2 3 2 3 3 3 3 2 -3.389 3 3 3 3 3 3 3 -5.705 3 3 3 3 3 3 2 3 3 3 3 3 2 3
125,SIPP_2^3,"45,3,0","11,39,0",1,549.8533940000001,544,0.62408,32.49256,6.28319,12.56637,5 4 4 4 5 5 5 5 5 5 4 4 -18.012 4 -0.022 4 -0.094 6 -0.500 5 5 5 5 5 5 5 5 5 5 5 5 5 5 5 5 5 5 5 5 5 6 6 6 6 -1.104 5
125,SIPP_2^4,"45,3,0","11,39,0",1,549.8533940000001,707,2.22882,22.24159,4.4286,8.85719,10 10 11 11 12 11 11 -0.687 11 9 9 10 9 9 9 9 9 9 9 9 9 10 10 10 11 12 11 -27.679 10
125,SIPP_2^5,"45,3,0","11,39,0",1,549.3712979999999,719,5.91888,13.80761,2.7468,5.4936,21 21 -0.233 23 23 19 18 20 18 18 18 18 18 18 18 18 18 20 20 20 23 -29.872 21
125,SIPP_BigCS,"45,3,12","11,39,2",1,549.351594,3586,50.66422,18.13581,3.5145,0.7838,310 4 4 4 -8.584 52 203 219 103 103 103 103 103 103 103 103 103 103 155 -3.768 347
125,SIPP_Standard,"45,3,12","11,39,2",1,555.2817539999999,374,2.06396,6.32732,1.1057,0.1081,62 -45.591 70 31 31 31 -0.691 47
126,SIPP_2^2,"7,39,0","41,3,0",1,700.0,1412,0.86228,127.27922,28.27433,56.54867,0 0 0 0 0 0 0 0 0 1 1 1 1 1 1 1 0 1 1 1 1 1 1 1 1 1 1 1 1 1 1 1 1 0 1 1 0 1 0 1 1 1 0 1 1 0 0 0 1 0 0 0 0 0 0 0 0 0 0 0 0 0 0 0 0 1 0 0 1 0
126,SIPP_2^3,"7,39,0","41,3,0",1,518.4062159999999,270,0.32388,39.55505,7.85398,15.70796,1 1 1 1 1 0 1 0 1 1 1 1 1 1 1 1 1 1 1 1 1 1 1 1 1 1 1 1 1 0 0 0 1 1 2 2 1 2 1
126,SIPP_2^4,"7,39,0","41,3,0",1,512.849359,307,1.02755,22.30229,4.2867,8.5734,2 2 2 2 1 1 2 2 2 2 2 2 2 2 2 2 2 2 2 2 2 2 2 2 2 2 2 1 2 2 2 3 -5.060 0 -2.366 4
126,SIPP_2^5,"7,39,0","41,3,0",1,512.849359,339,2.93452,9.91106,1.96977,3.93954,4 4 3 3 4 4 4 4 4 4 4 4 4 4 4 4 4 4 4 4 4 4 4 4 3 4 4 3 -6.850 8 -2.366 8
126,SIPP_BigCS,"7,39,13","41,3,4",1,512.735145,1403,19.6055,9.65213,1.7775,0.273,204 252 101 101 101 101 101 101 101 101 101 101 101 101 101 101 101 125 204 204 204 -4.735 236
126,SIPP_Standard,"7,39,13","41,3,4",1,564.0,401,1.57315,22.00199,4.2459,0.5027,49 84 9 53 65 37 6
127,SIPP_2^2,"42,15,0","6,47,0",0,-1,0,0.0,0.0,0.0,0.0,
127,SIPP_2^3,"42,15,0","6,47,0",0,-1,0,0.0,0.0,0.0,0.0,
127,SIPP_2^4,"42,15,0","6,47,0",0,-1,0,0.0,0.0,0.0,0.0,
127,SIPP_2^5,"42,15,0","6,47,0",0,-1,0,0.0,0.0,0.0,0.0,
127,SIPP_BigCS,"42,15,0","6,47,0",0,-1,0,0.0,0.0,0.0,0.0,
127,SIPP_Standard,"42,15,1","6,47,5",0,-1,62118,180.00687,0.0,0.0,0.0,
128,SIPP_2^2,"39,5,0","3,39,0",1,700.0,1483,0.91233,212.13203,47.12389,94.24778,3 3 2 3 3 3 3 3 3 3 3 3 3 3 3 3 2 3 2 2 2 3 2 2 2 2 3 3 2 2 2 2 3 2 3 2 3 2 2 3 2 3 2 2 3 3 3 2 2 3 3 3 2 2 3 3 2 2 2 2 2 2 3 2 2 3 3 2 2 3
128,SIPP_2^3,"39,5,0","3,39,0",1,573.645163,794,0.89942,60.1285,11.78097,23.56195,5 6 6 5 6 5 5 5 5 5 5 5 4 4 5 5 5 5 5 5 5 5 5 5 5 4 4 -31.386 6 5 5 5 5 5 5 5 5 5 6 7 -3.853 5 4
128,SIPP_2^4,"39,5,0","3,39,0",1,571.6205649999999,896,2.78604,33.3763,6.74683,13.49367,11 12 11 10 10 9 10 -3.977 8 9 9 9 9 9 9 9 9 9 9 10 10 10 12 12 12 12 12 12 12 12 12 12 12 11 -9.741 12 8 8
128,SIPP_2^5,"39,5,0","3,39,0",1,571.6205649999999,929,7.50985,23.80583,4.53254,9.06507,22 23 20 20 20 20 20 20 17 17 17 17 18 18 18 18 20 20 20 24 24 24 24 24 24 24 23 24 24 -1.303 24 -11.498 24 16 16
128,SIPP_BigCS,"39,5,7","3,39,9",1,580.75297,6108,75.44893,19.02387,3.4724,0.6304,203 203 203 355 163 84 206 206 206 206 206 238 7 83 -38.753 203
128,SIPP_Standard,"39,5,7","3,39,9",1,650.234193,1659,7.35078,19.09781,3.4052,0.464,88 -28.457 24 -4.227 59 91 3 -11.550 15 62
129,SIPP_2^2,"33,3,0","14,46,0",0,-1,0,0.0,0.0,0.0,0.0,
129,SIPP_2^3,"33,3,0","14,46,0",0,-1,0,0.0,0.0,0.0,0.0,
129,SIPP_2^4,"33,3,0","14,46,0",0,-1,0,0.0,0.0,0.0,0.0,
129,SIPP_2^5,"33,3,0","14,46,0",0,-1,0,0.0,0.0,0.0,0.0,
129,SIPP_BigCS,"33,3,0","14,46,0",0,-1,0,0.0,0.0,0.0,0.0,
129,SIPP_Standard,"33,3,2","14,46,4",0,-1,0,1e-05,0.0,0.0,0.0,
130,SIPP_2^2,"32,4,0","19,47,0",0,-1,0,0.0,0.0,0.0,0.0,
130,SIPP_2^3,"32,4,0","19,47,0",0,-1,0,0.0,0.0,0.0,0.0,
130,SIPP_2^4,"32,4,0","19,47,0",0,-1,0,0.0,0.0,0.0,0.0,
130,SIPP_2^5,"32,4,0","19,47,0",0,-1,0,0.0,0.0,0.0,0.0,
130,SIPP_BigCS,"32,4,0","19,47,0",0,-1,0,0.0,0.0,0.0,0.0,
130,SIPP_Standard,"32,4,7","19,47,12",0,-1,62689,180.00405,0.0,0.0,0.0,
